Starting server with Config HP="localhost:3307"|T="300000"|R="false"|L="warning"|S="/tmp/mysql.sock"
time="2026-04-20T21:02:36-05:00" level=warning msg="secure_file_priv is set to \"\", which is insecure."
time="2026-04-20T21:02:36-05:00" level=warning msg="Any user with GRANT FILE privileges will be able to read any file which the sql-server process can read."
time="2026-04-20T21:02:36-05:00" level=warning msg="Please consider restarting the server with secure_file_priv set to a safe (or non-existent) directory."
time="2026-04-20T21:02:38-05:00" level=warning msg="error running query" connectTime="2026-04-20 21:02:38.439048481 -0500 CDT m=+2.280891770" connectionDb=hq connectionID=47 error="nothing to commit" queryTime="2026-04-20 21:02:38.448500999 -0500 CDT m=+2.290344298"
time="2026-04-20T21:02:38-05:00" level=warning msg="error running query" connectTime="2026-04-20 21:02:38.471577607 -0500 CDT m=+2.313420896" connectionDb=hq connectionID=50 error="nothing to commit" queryTime="2026-04-20 21:02:38.478577161 -0500 CDT m=+2.320420450"
time="2026-04-20T21:02:38-05:00" level=warning msg="error running query" connectTime="2026-04-20 21:02:38.596185658 -0500 CDT m=+2.438028947" connectionDb=hq connectionID=56 error="nothing to commit" queryTime="2026-04-20 21:02:38.603274831 -0500 CDT m=+2.445118120"
time="2026-04-20T21:02:38-05:00" level=warning msg="error running query" connectTime="2026-04-20 21:02:38.643564006 -0500 CDT m=+2.485407285" connectionDb=hq connectionID=60 error="nothing to commit" queryTime="2026-04-20 21:02:38.651127186 -0500 CDT m=+2.492970465"
time="2026-04-20T21:02:38-05:00" level=warning msg="error running query" connectTime="2026-04-20 21:02:38.736105508 -0500 CDT m=+2.577948787" connectionDb=hq connectionID=66 error="nothing to commit" queryTime="2026-04-20 21:02:38.743467919 -0500 CDT m=+2.585311208"
time="2026-04-20T21:02:38-05:00" level=warning msg="error running query" connectTime="2026-04-20 21:02:38.754432807 -0500 CDT m=+2.596276106" connectionDb=hq connectionID=71 error="nothing to commit" queryTime="2026-04-20 21:02:38.761171363 -0500 CDT m=+2.603014652"
time="2026-04-20T21:02:38-05:00" level=warning msg="error running query" connectTime="2026-04-20 21:02:38.792610586 -0500 CDT m=+2.634453875" connectionDb=hq connectionID=74 error="nothing to commit" queryTime="2026-04-20 21:02:38.80112481 -0500 CDT m=+2.642968099"
time="2026-04-20T21:02:38-05:00" level=warning msg="error running query" connectTime="2026-04-20 21:02:38.888865863 -0500 CDT m=+2.730709152" connectionDb=hq connectionID=77 error="nothing to commit" queryTime="2026-04-20 21:02:38.89542515 -0500 CDT m=+2.737268439"
time="2026-04-20T21:02:38-05:00" level=warning msg="error running query" connectTime="2026-04-20 21:02:38.983076553 -0500 CDT m=+2.824919862" connectionDb=hq connectionID=87 error="nothing to commit" queryTime="2026-04-20 21:02:38.990749153 -0500 CDT m=+2.832592432"
time="2026-04-20T21:02:39-05:00" level=warning msg="error running query" connectTime="2026-04-20 21:02:39.016113806 -0500 CDT m=+2.857957095" connectionDb=hq connectionID=90 error="nothing to commit" queryTime="2026-04-20 21:02:39.023771916 -0500 CDT m=+2.865615305"
time="2026-04-20T21:02:39-05:00" level=warning msg="error running query" connectTime="2026-04-20 21:02:39.190926237 -0500 CDT m=+3.032769516" connectionDb=hq connectionID=95 error="nothing to commit" queryTime="2026-04-20 21:02:39.203154767 -0500 CDT m=+3.044998056"
time="2026-04-20T21:02:39-05:00" level=warning msg="error running query" connectTime="2026-04-20 21:02:39.384041807 -0500 CDT m=+3.225885096" connectionDb=veloxide connectionID=102 error="nothing to commit" queryTime="2026-04-20 21:02:39.391051141 -0500 CDT m=+3.232894430"
time="2026-04-20T21:02:39-05:00" level=warning msg="error running query" connectTime="2026-04-20 21:02:39.563029741 -0500 CDT m=+3.404873030" connectionDb=hq connectionID=116 error="nothing to commit" queryTime="2026-04-20 21:02:39.568958442 -0500 CDT m=+3.410801731"
time="2026-04-20T21:02:39-05:00" level=warning msg="error running query" connectTime="2026-04-20 21:02:39.712393049 -0500 CDT m=+3.554236338" connectionDb=hq connectionID=128 error="nothing to commit" queryTime="2026-04-20 21:02:39.72127937 -0500 CDT m=+3.563122649"
time="2026-04-20T21:02:39-05:00" level=warning msg="error running query" connectTime="2026-04-20 21:02:39.770046459 -0500 CDT m=+3.611889748" connectionDb=veloxide connectionID=131 error="nothing to commit" queryTime="2026-04-20 21:02:39.779705026 -0500 CDT m=+3.621548305"
time="2026-04-20T21:02:39-05:00" level=warning msg="error running query" connectTime="2026-04-20 21:02:39.794544628 -0500 CDT m=+3.636387927" connectionDb=hq connectionID=134 error="nothing to commit" queryTime="2026-04-20 21:02:39.804764371 -0500 CDT m=+3.646607660"
time="2026-04-20T21:02:39-05:00" level=warning msg="error running query" connectTime="2026-04-20 21:02:39.861644107 -0500 CDT m=+3.703487386" connectionDb=veloxide connectionID=137 error="nothing to commit" queryTime="2026-04-20 21:02:39.873196471 -0500 CDT m=+3.715039760"
time="2026-04-20T21:02:39-05:00" level=warning msg="error running query" connectTime="2026-04-20 21:02:39.882203602 -0500 CDT m=+3.724046891" connectionDb=veloxide connectionID=140 error="nothing to commit" queryTime="2026-04-20 21:02:39.895001648 -0500 CDT m=+3.736844927"
time="2026-04-20T21:02:40-05:00" level=warning msg="error running query" connectTime="2026-04-20 21:02:40.003875772 -0500 CDT m=+3.845719051" connectionDb=hq connectionID=145 error="nothing to commit" queryTime="2026-04-20 21:02:40.01641184 -0500 CDT m=+3.858255129"
time="2026-04-20T21:02:40-05:00" level=warning msg="error running query" connectTime="2026-04-20 21:02:40.027736225 -0500 CDT m=+3.869579514" connectionDb=veloxide connectionID=152 error="nothing to commit" queryTime="2026-04-20 21:02:40.041783553 -0500 CDT m=+3.883626842"
time="2026-04-20T21:02:40-05:00" level=warning msg="error running query" connectTime="2026-04-20 21:02:40.202991433 -0500 CDT m=+4.044834712" connectionDb=hq connectionID=158 error="nothing to commit" queryTime="2026-04-20 21:02:40.212879588 -0500 CDT m=+4.054722867"
time="2026-04-20T21:02:40-05:00" level=warning msg="error running query" connectTime="2026-04-20 21:02:40.213581154 -0500 CDT m=+4.055424433" connectionDb=hq connectionID=161 error="nothing to commit" queryTime="2026-04-20 21:02:40.220918365 -0500 CDT m=+4.062761664"
time="2026-04-20T21:02:40-05:00" level=warning msg="error running query" connectTime="2026-04-20 21:02:40.371439886 -0500 CDT m=+4.213283175" connectionDb=hq connectionID=167 error="nothing to commit" queryTime="2026-04-20 21:02:40.386231959 -0500 CDT m=+4.228075248"
time="2026-04-20T21:02:40-05:00" level=warning msg="error running query" connectTime="2026-04-20 21:02:40.41798274 -0500 CDT m=+4.259826019" connectionDb=veloxide connectionID=173 error="nothing to commit" queryTime="2026-04-20 21:02:40.42555972 -0500 CDT m=+4.267402999"
time="2026-04-20T21:02:40-05:00" level=warning msg="error running query" connectTime="2026-04-20 21:02:40.416748948 -0500 CDT m=+4.258592237" connectionDb=hq connectionID=170 error="nothing to commit" queryTime="2026-04-20 21:02:40.426346085 -0500 CDT m=+4.268189364"
time="2026-04-20T21:02:41-05:00" level=warning msg="error running query" connectTime="2026-04-20 21:02:41.200606305 -0500 CDT m=+5.042449594" connectionDb=hq connectionID=197 error="nothing to commit" queryTime="2026-04-20 21:02:41.207082303 -0500 CDT m=+5.048925592"
time="2026-04-20T21:02:41-05:00" level=warning msg="error running query" connectTime="2026-04-20 21:02:41.246868971 -0500 CDT m=+5.088712260" connectionDb=veloxide connectionID=200 error="nothing to commit" queryTime="2026-04-20 21:02:41.252161847 -0500 CDT m=+5.094005136"
time="2026-04-20T21:02:41-05:00" level=warning msg="error running query" connectTime="2026-04-20 21:02:41.337315927 -0500 CDT m=+5.179159216" connectionDb=hq connectionID=204 error="nothing to commit" queryTime="2026-04-20 21:02:41.343865484 -0500 CDT m=+5.185708773"
time="2026-04-20T21:02:41-05:00" level=warning msg="error running query" connectTime="2026-04-20 21:02:41.503464935 -0500 CDT m=+5.345308214" connectionDb=hq connectionID=213 error="nothing to commit" queryTime="2026-04-20 21:02:41.510517389 -0500 CDT m=+5.352360688"
time="2026-04-20T21:02:41-05:00" level=warning msg="error running query" connectTime="2026-04-20 21:02:41.642441602 -0500 CDT m=+5.484284891" connectionDb=hq connectionID=216 error="nothing to commit" queryTime="2026-04-20 21:02:41.649103508 -0500 CDT m=+5.490946797"
time="2026-04-20T21:02:41-05:00" level=warning msg="error running query" connectTime="2026-04-20 21:02:41.783837732 -0500 CDT m=+5.625681021" connectionDb=veloxide connectionID=222 error="nothing to commit" queryTime="2026-04-20 21:02:41.790167701 -0500 CDT m=+5.632010990"
time="2026-04-20T21:02:42-05:00" level=warning msg="error running query" connectTime="2026-04-20 21:02:42.069129397 -0500 CDT m=+5.910972686" connectionDb=hq connectionID=238 error="nothing to commit" queryTime="2026-04-20 21:02:42.075750484 -0500 CDT m=+5.917593783"
time="2026-04-20T21:02:42-05:00" level=warning msg="error running query" connectTime="2026-04-20 21:02:42.36089116 -0500 CDT m=+6.202734439" connectionDb=veloxide connectionID=263 error="nothing to commit" queryTime="2026-04-20 21:02:42.368779118 -0500 CDT m=+6.210622397"
time="2026-04-20T21:02:42-05:00" level=warning msg="error running query" connectTime="2026-04-20 21:02:42.385660877 -0500 CDT m=+6.227504156" connectionDb=hq connectionID=270 error="nothing to commit" queryTime="2026-04-20 21:02:42.397226711 -0500 CDT m=+6.239070000"
time="2026-04-20T21:02:42-05:00" level=warning msg="error running query" connectTime="2026-04-20 21:02:42.385329909 -0500 CDT m=+6.227173198" connectionDb=hq connectionID=269 error="nothing to commit" queryTime="2026-04-20 21:02:42.401881831 -0500 CDT m=+6.243725130"
time="2026-04-20T21:02:42-05:00" level=warning msg="error running query" connectTime="2026-04-20 21:02:42.534164531 -0500 CDT m=+6.376007820" connectionDb=hq connectionID=275 error="nothing to commit" queryTime="2026-04-20 21:02:42.541212935 -0500 CDT m=+6.383056224"
time="2026-04-20T21:02:42-05:00" level=warning msg="error running query" connectTime="2026-04-20 21:02:42.564142654 -0500 CDT m=+6.405985943" connectionDb=hq connectionID=278 error="nothing to commit" queryTime="2026-04-20 21:02:42.570629942 -0500 CDT m=+6.412473231"
time="2026-04-20T21:02:42-05:00" level=warning msg="error running query" connectTime="2026-04-20 21:02:42.698860279 -0500 CDT m=+6.540703558" connectionDb=hq connectionID=281 error="nothing to commit" queryTime="2026-04-20 21:02:42.704703511 -0500 CDT m=+6.546546800"
time="2026-04-20T21:02:42-05:00" level=warning msg="error running query" connectTime="2026-04-20 21:02:42.822490987 -0500 CDT m=+6.664334266" connectionDb=hq connectionID=287 error="nothing to commit" queryTime="2026-04-20 21:02:42.829280852 -0500 CDT m=+6.671124131"
time="2026-04-20T21:02:43-05:00" level=warning msg="error running query" connectTime="2026-04-20 21:02:43.482950537 -0500 CDT m=+7.324793826" connectionDb=hq connectionID=344 error="nothing to commit" queryTime="2026-04-20 21:02:43.489414155 -0500 CDT m=+7.331257434"
time="2026-04-20T21:02:43-05:00" level=warning msg="error running query" connectTime="2026-04-20 21:02:43.612240018 -0500 CDT m=+7.454083307" connectionDb=hq connectionID=360 error="nothing to commit" queryTime="2026-04-20 21:02:43.618748475 -0500 CDT m=+7.460591764"
time="2026-04-20T21:02:43-05:00" level=warning msg="error running query" connectTime="2026-04-20 21:02:43.615471906 -0500 CDT m=+7.457315185" connectionDb=hq connectionID=363 error="nothing to commit" queryTime="2026-04-20 21:02:43.623036377 -0500 CDT m=+7.464879666"
time="2026-04-20T21:02:43-05:00" level=warning msg="error running query" connectTime="2026-04-20 21:02:43.694570997 -0500 CDT m=+7.536414296" connectionDb=hq connectionID=369 error="nothing to commit" queryTime="2026-04-20 21:02:43.703489678 -0500 CDT m=+7.545332957"
time="2026-04-20T21:02:43-05:00" level=warning msg="error running query" connectTime="2026-04-20 21:02:43.737481215 -0500 CDT m=+7.579324494" connectionDb=hq connectionID=375 error="nothing to commit" queryTime="2026-04-20 21:02:43.7443194 -0500 CDT m=+7.586162689"
time="2026-04-20T21:02:43-05:00" level=warning msg="error running query" connectTime="2026-04-20 21:02:43.787906293 -0500 CDT m=+7.629749572" connectionDb=hq connectionID=378 error="nothing to commit" queryTime="2026-04-20 21:02:43.795589103 -0500 CDT m=+7.637432412"
time="2026-04-20T21:02:43-05:00" level=warning msg="error running query" connectTime="2026-04-20 21:02:43.81885365 -0500 CDT m=+7.660696939" connectionDb=veloxide connectionID=384 error="nothing to commit" queryTime="2026-04-20 21:02:43.82646147 -0500 CDT m=+7.668304759"
time="2026-04-20T21:02:43-05:00" level=warning msg="error running query" connectTime="2026-04-20 21:02:43.818955339 -0500 CDT m=+7.660798628" connectionDb=hq connectionID=383 error="nothing to commit" queryTime="2026-04-20 21:02:43.826921997 -0500 CDT m=+7.668765276"
time="2026-04-20T21:02:43-05:00" level=warning msg="error running query" connectTime="2026-04-20 21:02:43.886406836 -0500 CDT m=+7.728250135" connectionDb=hq connectionID=390 error="nothing to commit" queryTime="2026-04-20 21:02:43.896326021 -0500 CDT m=+7.738169300"
time="2026-04-20T21:02:43-05:00" level=warning msg="error running query" connectTime="2026-04-20 21:02:43.977799676 -0500 CDT m=+7.819642965" connectionDb=hq connectionID=393 error="nothing to commit" queryTime="2026-04-20 21:02:43.98477641 -0500 CDT m=+7.826619699"
time="2026-04-20T21:02:44-05:00" level=warning msg="error running query" connectTime="2026-04-20 21:02:44.040986971 -0500 CDT m=+7.882830250" connectionDb=hq connectionID=399 error="nothing to commit" queryTime="2026-04-20 21:02:44.048903519 -0500 CDT m=+7.890746818"
time="2026-04-20T21:02:44-05:00" level=warning msg="error running query" connectTime="2026-04-20 21:02:44.10048623 -0500 CDT m=+7.942329519" connectionDb=hq connectionID=408 error="nothing to commit" queryTime="2026-04-20 21:02:44.108402968 -0500 CDT m=+7.950246257"
time="2026-04-20T21:02:44-05:00" level=warning msg="error running query" connectTime="2026-04-20 21:02:44.12482806 -0500 CDT m=+7.966671349" connectionDb=hq connectionID=414 error="nothing to commit" queryTime="2026-04-20 21:02:44.132570549 -0500 CDT m=+7.974413828"
time="2026-04-20T21:02:44-05:00" level=warning msg="error running query" connectTime="2026-04-20 21:02:44.230183178 -0500 CDT m=+8.072026467" connectionDb=hq connectionID=426 error="nothing to commit" queryTime="2026-04-20 21:02:44.236617395 -0500 CDT m=+8.078460694"
time="2026-04-20T21:02:44-05:00" level=warning msg="error running query" connectTime="2026-04-20 21:02:44.271968613 -0500 CDT m=+8.113811902" connectionDb=hq connectionID=429 error="nothing to commit" queryTime="2026-04-20 21:02:44.278178233 -0500 CDT m=+8.120021522"
time="2026-04-20T21:02:44-05:00" level=warning msg="error running query" connectTime="2026-04-20 21:02:44.394337329 -0500 CDT m=+8.236180618" connectionDb=hq connectionID=438 error="nothing to commit" queryTime="2026-04-20 21:02:44.400058792 -0500 CDT m=+8.241902081"
time="2026-04-20T21:02:44-05:00" level=warning msg="error running query" connectTime="2026-04-20 21:02:44.56476225 -0500 CDT m=+8.406605529" connectionDb=hq connectionID=463 error="nothing to commit" queryTime="2026-04-20 21:02:44.570750121 -0500 CDT m=+8.412593410"
time="2026-04-20T21:02:44-05:00" level=warning msg="error running query" connectTime="2026-04-20 21:02:44.565637514 -0500 CDT m=+8.407480803" connectionDb=hq connectionID=465 error="nothing to commit" queryTime="2026-04-20 21:02:44.573175895 -0500 CDT m=+8.415019184"
time="2026-04-20T21:02:44-05:00" level=warning msg="error running query" connectTime="2026-04-20 21:02:44.573457283 -0500 CDT m=+8.415300562" connectionDb=hq connectionID=468 error="nothing to commit" queryTime="2026-04-20 21:02:44.587761789 -0500 CDT m=+8.429605078"
time="2026-04-20T21:02:44-05:00" level=warning msg="error running query" connectTime="2026-04-20 21:02:44.698838569 -0500 CDT m=+8.540681848" connectionDb=hq connectionID=471 error="nothing to commit" queryTime="2026-04-20 21:02:44.705454796 -0500 CDT m=+8.547298095"
time="2026-04-20T21:02:44-05:00" level=warning msg="error running query" connectTime="2026-04-20 21:02:44.720222469 -0500 CDT m=+8.562065748" connectionDb=veloxide connectionID=474 error="nothing to commit" queryTime="2026-04-20 21:02:44.72755425 -0500 CDT m=+8.569397549"
time="2026-04-20T21:02:44-05:00" level=warning msg="error running query" connectTime="2026-04-20 21:02:44.738435349 -0500 CDT m=+8.580278628" connectionDb=hq connectionID=477 error="nothing to commit" queryTime="2026-04-20 21:02:44.74594007 -0500 CDT m=+8.587783349"
time="2026-04-20T21:02:44-05:00" level=warning msg="error running query" connectTime="2026-04-20 21:02:44.832241543 -0500 CDT m=+8.674084832" connectionDb=hq connectionID=486 error="nothing to commit" queryTime="2026-04-20 21:02:44.843772007 -0500 CDT m=+8.685615306"
time="2026-04-20T21:02:44-05:00" level=warning msg="error running query" connectTime="2026-04-20 21:02:44.886914724 -0500 CDT m=+8.728758023" connectionDb=hq connectionID=492 error="nothing to commit" queryTime="2026-04-20 21:02:44.894911821 -0500 CDT m=+8.736755100"
time="2026-04-20T21:02:44-05:00" level=warning msg="error running query" connectTime="2026-04-20 21:02:44.956788205 -0500 CDT m=+8.798631494" connectionDb=veloxide connectionID=495 error="nothing to commit" queryTime="2026-04-20 21:02:44.964319095 -0500 CDT m=+8.806162384"
time="2026-04-20T21:02:45-05:00" level=warning msg="error running query" connectTime="2026-04-20 21:02:45.025096246 -0500 CDT m=+8.866939535" connectionDb=hq connectionID=501 error="nothing to commit" queryTime="2026-04-20 21:02:45.03202332 -0500 CDT m=+8.873866599"
time="2026-04-20T21:02:45-05:00" level=warning msg="error running query" connectTime="2026-04-20 21:02:45.033730649 -0500 CDT m=+8.875573938" connectionDb=hq connectionID=504 error="nothing to commit" queryTime="2026-04-20 21:02:45.040269586 -0500 CDT m=+8.882112875"
time="2026-04-20T21:02:45-05:00" level=warning msg="error running query" connectTime="2026-04-20 21:02:45.24212932 -0500 CDT m=+9.083972609" connectionDb=veloxide connectionID=513 error="nothing to commit" queryTime="2026-04-20 21:02:45.250932383 -0500 CDT m=+9.092775672"
time="2026-04-20T21:02:45-05:00" level=warning msg="error running query" connectTime="2026-04-20 21:02:45.296568113 -0500 CDT m=+9.138411402" connectionDb=veloxide connectionID=522 error="nothing to commit" queryTime="2026-04-20 21:02:45.305189776 -0500 CDT m=+9.147033065"
time="2026-04-20T21:02:45-05:00" level=warning msg="error running query" connectTime="2026-04-20 21:02:45.305805582 -0500 CDT m=+9.147648861" connectionDb=hq connectionID=525 error="nothing to commit" queryTime="2026-04-20 21:02:45.317285337 -0500 CDT m=+9.159128636"
time="2026-04-20T21:02:45-05:00" level=warning msg="error running query" connectTime="2026-04-20 21:02:45.511778509 -0500 CDT m=+9.353621788" connectionDb=hq connectionID=541 error="nothing to commit" queryTime="2026-04-20 21:02:45.51782754 -0500 CDT m=+9.359670819"
time="2026-04-20T21:02:45-05:00" level=warning msg="error running query" connectTime="2026-04-20 21:02:45.673822905 -0500 CDT m=+9.515666194" connectionDb=hq connectionID=556 error="nothing to commit" queryTime="2026-04-20 21:02:45.681364795 -0500 CDT m=+9.523208084"
time="2026-04-20T21:02:45-05:00" level=warning msg="error running query" connectTime="2026-04-20 21:02:45.77965687 -0500 CDT m=+9.621500149" connectionDb=hq connectionID=562 error="nothing to commit" queryTime="2026-04-20 21:02:45.785017475 -0500 CDT m=+9.626860764"
time="2026-04-20T21:02:45-05:00" level=warning msg="error running query" connectTime="2026-04-20 21:02:45.838562413 -0500 CDT m=+9.680405702" connectionDb=hq connectionID=568 error="nothing to commit" queryTime="2026-04-20 21:02:45.844615353 -0500 CDT m=+9.686458632"
time="2026-04-20T21:02:45-05:00" level=warning msg="error running query" connectTime="2026-04-20 21:02:45.902661452 -0500 CDT m=+9.744504731" connectionDb=hq connectionID=571 error="nothing to commit" queryTime="2026-04-20 21:02:45.910053153 -0500 CDT m=+9.751896442"
time="2026-04-20T21:02:46-05:00" level=warning msg="error running query" connectTime="2026-04-20 21:02:46.024482532 -0500 CDT m=+9.866325821" connectionDb=hq connectionID=577 error="nothing to commit" queryTime="2026-04-20 21:02:46.031619785 -0500 CDT m=+9.873463064"
time="2026-04-20T21:02:46-05:00" level=warning msg="error running query" connectTime="2026-04-20 21:02:46.027052565 -0500 CDT m=+9.868895854" connectionDb=veloxide connectionID=580 error="nothing to commit" queryTime="2026-04-20 21:02:46.036703512 -0500 CDT m=+9.878546801"
time="2026-04-20T21:02:46-05:00" level=warning msg="error running query" connectTime="2026-04-20 21:02:46.048180996 -0500 CDT m=+9.890024285" connectionDb=hq connectionID=586 error="nothing to commit" queryTime="2026-04-20 21:02:46.057754364 -0500 CDT m=+9.899597643"
time="2026-04-20T21:02:46-05:00" level=warning msg="error running query" connectTime="2026-04-20 21:02:46.232012649 -0500 CDT m=+10.073855938" connectionDb=hq connectionID=592 error="nothing to commit" queryTime="2026-04-20 21:02:46.238565726 -0500 CDT m=+10.080409025"
time="2026-04-20T21:02:46-05:00" level=warning msg="error running query" connectTime="2026-04-20 21:02:46.247631037 -0500 CDT m=+10.089474326" connectionDb=hq connectionID=595 error="nothing to commit" queryTime="2026-04-20 21:02:46.255061408 -0500 CDT m=+10.096904707"
time="2026-04-20T21:02:46-05:00" level=warning msg="error running query" connectTime="2026-04-20 21:02:46.466847687 -0500 CDT m=+10.308690976" connectionDb=hq connectionID=610 error="nothing to commit" queryTime="2026-04-20 21:02:46.473327624 -0500 CDT m=+10.315170913"
time="2026-04-20T21:02:46-05:00" level=warning msg="error running query" connectTime="2026-04-20 21:02:46.513844238 -0500 CDT m=+10.355687527" connectionDb=hq connectionID=616 error="nothing to commit" queryTime="2026-04-20 21:02:46.519358182 -0500 CDT m=+10.361201461"
time="2026-04-20T21:02:46-05:00" level=warning msg="error running query" connectTime="2026-04-20 21:02:46.641287431 -0500 CDT m=+10.483130720" connectionDb=hq connectionID=628 error="nothing to commit" queryTime="2026-04-20 21:02:46.647501061 -0500 CDT m=+10.489344350"
time="2026-04-20T21:02:46-05:00" level=warning msg="error running query" connectTime="2026-04-20 21:02:46.666248427 -0500 CDT m=+10.508091716" connectionDb=hq connectionID=631 error="nothing to commit" queryTime="2026-04-20 21:02:46.672362297 -0500 CDT m=+10.514205586"
time="2026-04-20T21:02:46-05:00" level=warning msg="error running query" connectTime="2026-04-20 21:02:46.839605819 -0500 CDT m=+10.681449108" connectionDb=hq connectionID=649 error="nothing to commit" queryTime="2026-04-20 21:02:46.846827292 -0500 CDT m=+10.688670581"
time="2026-04-20T21:02:46-05:00" level=warning msg="error running query" connectTime="2026-04-20 21:02:46.858016268 -0500 CDT m=+10.699859547" connectionDb=hq connectionID=655 error="nothing to commit" queryTime="2026-04-20 21:02:46.863712101 -0500 CDT m=+10.705555390"
time="2026-04-20T21:02:46-05:00" level=warning msg="error running query" connectTime="2026-04-20 21:02:46.977664732 -0500 CDT m=+10.819508011" connectionDb=hq connectionID=664 error="nothing to commit" queryTime="2026-04-20 21:02:46.987255039 -0500 CDT m=+10.829098328"
time="2026-04-20T21:02:47-05:00" level=warning msg="error running query" connectTime="2026-04-20 21:02:47.057129101 -0500 CDT m=+10.898972400" connectionDb=hq connectionID=673 error="nothing to commit" queryTime="2026-04-20 21:02:47.065556845 -0500 CDT m=+10.907400124"
time="2026-04-20T21:02:47-05:00" level=warning msg="error running query" connectTime="2026-04-20 21:02:47.077252598 -0500 CDT m=+10.919095877" connectionDb=hq connectionID=676 error="nothing to commit" queryTime="2026-04-20 21:02:47.085223396 -0500 CDT m=+10.927066685"
time="2026-04-20T21:02:47-05:00" level=warning msg="error running query" connectTime="2026-04-20 21:02:47.130513079 -0500 CDT m=+10.972356358" connectionDb=hq connectionID=679 error="nothing to commit" queryTime="2026-04-20 21:02:47.137076916 -0500 CDT m=+10.978920215"
time="2026-04-20T21:02:47-05:00" level=warning msg="error running query" connectTime="2026-04-20 21:02:47.253563251 -0500 CDT m=+11.095406540" connectionDb=hq connectionID=691 error="nothing to commit" queryTime="2026-04-20 21:02:47.259510092 -0500 CDT m=+11.101353381"
time="2026-04-20T21:02:47-05:00" level=warning msg="error running query" connectTime="2026-04-20 21:02:47.276160582 -0500 CDT m=+11.118003861" connectionDb=hq connectionID=696 error="nothing to commit" queryTime="2026-04-20 21:02:47.281860565 -0500 CDT m=+11.123703844"
time="2026-04-20T21:02:47-05:00" level=warning msg="error running query" connectTime="2026-04-20 21:02:47.276918287 -0500 CDT m=+11.118761566" connectionDb=hq connectionID=697 error="nothing to commit" queryTime="2026-04-20 21:02:47.284316629 -0500 CDT m=+11.126159918"
time="2026-04-20T21:02:47-05:00" level=warning msg="error running query" connectTime="2026-04-20 21:02:47.434361724 -0500 CDT m=+11.276205183" connectionDb=hq connectionID=705 error="nothing to commit" queryTime="2026-04-20 21:02:47.441969624 -0500 CDT m=+11.283812913"
time="2026-04-20T21:02:47-05:00" level=warning msg="error running query" connectTime="2026-04-20 21:02:47.434473233 -0500 CDT m=+11.276316512" connectionDb=hq connectionID=706 error="nothing to commit" queryTime="2026-04-20 21:02:47.444823605 -0500 CDT m=+11.286666884"
time="2026-04-20T21:02:47-05:00" level=warning msg="error running query" connectTime="2026-04-20 21:02:47.514806495 -0500 CDT m=+11.356649784" connectionDb=hq connectionID=718 error="nothing to commit" queryTime="2026-04-20 21:02:47.520554518 -0500 CDT m=+11.362397807"
time="2026-04-20T21:02:47-05:00" level=warning msg="error running query" connectTime="2026-04-20 21:02:47.631600048 -0500 CDT m=+11.473443337" connectionDb=hq connectionID=727 error="nothing to commit" queryTime="2026-04-20 21:02:47.639099349 -0500 CDT m=+11.480942638"
time="2026-04-20T21:02:47-05:00" level=warning msg="error running query" connectTime="2026-04-20 21:02:47.696464723 -0500 CDT m=+11.538308012" connectionDb=hq connectionID=733 error="nothing to commit" queryTime="2026-04-20 21:02:47.703160409 -0500 CDT m=+11.545003698"
time="2026-04-20T21:02:47-05:00" level=warning msg="error running query" connectTime="2026-04-20 21:02:47.820559638 -0500 CDT m=+11.662402927" connectionDb=hq connectionID=751 error="nothing to commit" queryTime="2026-04-20 21:02:47.827258424 -0500 CDT m=+11.669101713"
time="2026-04-20T21:02:47-05:00" level=warning msg="error running query" connectTime="2026-04-20 21:02:47.867624119 -0500 CDT m=+11.709467408" connectionDb=hq connectionID=757 error="nothing to commit" queryTime="2026-04-20 21:02:47.876879788 -0500 CDT m=+11.718723077"
time="2026-04-20T21:02:48-05:00" level=warning msg="error running query" connectTime="2026-04-20 21:02:48.026394597 -0500 CDT m=+11.868237876" connectionDb=hq connectionID=766 error="nothing to commit" queryTime="2026-04-20 21:02:48.035168299 -0500 CDT m=+11.877011588"
time="2026-04-20T21:02:48-05:00" level=warning msg="error running query" connectTime="2026-04-20 21:02:48.085136321 -0500 CDT m=+11.926979610" connectionDb=hq connectionID=772 error="nothing to commit" queryTime="2026-04-20 21:02:48.093873563 -0500 CDT m=+11.935716862"
time="2026-04-20T21:02:48-05:00" level=warning msg="error running query" connectTime="2026-04-20 21:02:45.412485621 -0500 CDT m=+9.254328920" connectionDb=veloxide connectionID=535 error="To https://doltremoteapi.dolthub.com/priorlewis43/veloxide-database\n ! [rejected]            main -> main (non-fast-forward)\nerror: failed to push some refs to 'https://doltremoteapi.dolthub.com/priorlewis43/veloxide-database'\nhint: Updates were rejected because the tip of your current branch is behind\nhint: its remote counterpart. Integrate the remote changes (e.g.\nhint: 'dolt pull ...') before pushing again.\n" queryTime="2026-04-20 21:02:48.207802706 -0500 CDT m=+12.049645995"
time="2026-04-20T21:02:48-05:00" level=warning msg="error running query" connectTime="2026-04-20 21:02:48.243023644 -0500 CDT m=+12.084866933" connectionDb=hq connectionID=790 error="nothing to commit" queryTime="2026-04-20 21:02:48.251176301 -0500 CDT m=+12.093019600"
time="2026-04-20T21:02:48-05:00" level=warning msg="error running query" connectTime="2026-04-20 21:02:48.263952027 -0500 CDT m=+12.105795316" connectionDb=hq connectionID=795 error="nothing to commit" queryTime="2026-04-20 21:02:48.26958143 -0500 CDT m=+12.111424719"
time="2026-04-20T21:02:48-05:00" level=warning msg="error running query" connectTime="2026-04-20 21:02:48.264169545 -0500 CDT m=+12.106012834" connectionDb=hq connectionID=796 error="nothing to commit" queryTime="2026-04-20 21:02:48.271970304 -0500 CDT m=+12.113813603"
time="2026-04-20T21:02:48-05:00" level=warning msg="error running query" connectTime="2026-04-20 21:02:48.435299832 -0500 CDT m=+12.277143121" connectionDb=hq connectionID=805 error="nothing to commit" queryTime="2026-04-20 21:02:48.442128137 -0500 CDT m=+12.283971436"
time="2026-04-20T21:02:48-05:00" level=warning msg="error running query" connectTime="2026-04-20 21:02:48.451656285 -0500 CDT m=+12.293499564" connectionDb=hq connectionID=812 error="nothing to commit" queryTime="2026-04-20 21:02:48.457769224 -0500 CDT m=+12.299612503"
time="2026-04-20T21:02:48-05:00" level=warning msg="error running query" connectTime="2026-04-20 21:02:48.451903243 -0500 CDT m=+12.293746532" connectionDb=hq connectionID=813 error="nothing to commit" queryTime="2026-04-20 21:02:48.460263108 -0500 CDT m=+12.302106407"
time="2026-04-20T21:02:48-05:00" level=warning msg="error running query" connectTime="2026-04-20 21:02:48.630685069 -0500 CDT m=+12.472528348" connectionDb=hq connectionID=826 error="nothing to commit" queryTime="2026-04-20 21:02:48.640247227 -0500 CDT m=+12.482090506"
time="2026-04-20T21:02:48-05:00" level=warning msg="error running query" connectTime="2026-04-20 21:02:48.630880338 -0500 CDT m=+12.472723627" connectionDb=hq connectionID=825 error="nothing to commit" queryTime="2026-04-20 21:02:48.644713417 -0500 CDT m=+12.486556706"
time="2026-04-20T21:02:48-05:00" level=warning msg="error running query" connectTime="2026-04-20 21:02:48.720784478 -0500 CDT m=+12.562627767" connectionDb=hq connectionID=835 error="nothing to commit" queryTime="2026-04-20 21:02:48.730678223 -0500 CDT m=+12.572521512"
time="2026-04-20T21:02:48-05:00" level=warning msg="error running query" connectTime="2026-04-20 21:02:48.815510666 -0500 CDT m=+12.657353955" connectionDb=hq connectionID=841 error="nothing to commit" queryTime="2026-04-20 21:02:48.828460331 -0500 CDT m=+12.670303620"
time="2026-04-20T21:02:48-05:00" level=warning msg="error running query" connectTime="2026-04-20 21:02:48.903839686 -0500 CDT m=+12.745682975" connectionDb=hq connectionID=850 error="nothing to commit" queryTime="2026-04-20 21:02:48.912163162 -0500 CDT m=+12.754006461"
time="2026-04-20T21:02:48-05:00" level=warning msg="error running query" connectTime="2026-04-20 21:02:48.935092701 -0500 CDT m=+12.776935980" connectionDb=hq connectionID=853 error="nothing to commit" queryTime="2026-04-20 21:02:48.942232424 -0500 CDT m=+12.784075713"
time="2026-04-20T21:02:49-05:00" level=warning msg="error running query" connectTime="2026-04-20 21:02:49.099178854 -0500 CDT m=+12.941022143" connectionDb=hq connectionID=865 error="nothing to commit" queryTime="2026-04-20 21:02:49.105940229 -0500 CDT m=+12.947783518"
time="2026-04-20T21:02:49-05:00" level=warning msg="error running query" connectTime="2026-04-20 21:02:49.122876638 -0500 CDT m=+12.964719927" connectionDb=hq connectionID=868 error="nothing to commit" queryTime="2026-04-20 21:02:49.129115377 -0500 CDT m=+12.970958666"
time="2026-04-20T21:02:49-05:00" level=warning msg="error running query" connectTime="2026-04-20 21:02:49.27351694 -0500 CDT m=+13.115360229" connectionDb=hq connectionID=880 error="nothing to commit" queryTime="2026-04-20 21:02:49.27955039 -0500 CDT m=+13.121393669"
time="2026-04-20T21:02:49-05:00" level=warning msg="error running query" connectTime="2026-04-20 21:02:49.288995218 -0500 CDT m=+13.130838507" connectionDb=hq connectionID=883 error="nothing to commit" queryTime="2026-04-20 21:02:49.298109968 -0500 CDT m=+13.139953257"
time="2026-04-20T21:02:49-05:00" level=warning msg="error running query" connectTime="2026-04-20 21:02:49.465877717 -0500 CDT m=+13.307720996" connectionDb=hq connectionID=910 error="nothing to commit" queryTime="2026-04-20 21:02:49.474200362 -0500 CDT m=+13.316043661"
time="2026-04-20T21:02:49-05:00" level=warning msg="error running query" connectTime="2026-04-20 21:02:49.47765952 -0500 CDT m=+13.319502809" connectionDb=hq connectionID=915 error="nothing to commit" queryTime="2026-04-20 21:02:49.490098288 -0500 CDT m=+13.331941577"
time="2026-04-20T21:02:49-05:00" level=warning msg="error running query" connectTime="2026-04-20 21:02:49.5568464 -0500 CDT m=+13.398689689" connectionDb=hq connectionID=925 error="nothing to commit" queryTime="2026-04-20 21:02:49.566443927 -0500 CDT m=+13.408287216"
time="2026-04-20T21:02:49-05:00" level=warning msg="error running query" connectTime="2026-04-20 21:02:49.639556417 -0500 CDT m=+13.481399706" connectionDb=hq connectionID=934 error="nothing to commit" queryTime="2026-04-20 21:02:49.647074948 -0500 CDT m=+13.488918237"
time="2026-04-20T21:02:49-05:00" level=warning msg="error running query" connectTime="2026-04-20 21:02:49.652376133 -0500 CDT m=+13.494219422" connectionDb=hq connectionID=937 error="nothing to commit" queryTime="2026-04-20 21:02:49.661821461 -0500 CDT m=+13.503664750"
time="2026-04-20T21:02:49-05:00" level=warning msg="error running query" connectTime="2026-04-20 21:02:49.687723201 -0500 CDT m=+13.529566490" connectionDb=hq connectionID=940 error="nothing to commit" queryTime="2026-04-20 21:02:49.695217022 -0500 CDT m=+13.537060401"
time="2026-04-20T21:02:49-05:00" level=warning msg="error running query" connectTime="2026-04-20 21:02:49.694728195 -0500 CDT m=+13.536571484" connectionDb=hq connectionID=943 error="nothing to commit" queryTime="2026-04-20 21:02:49.701892608 -0500 CDT m=+13.543735897"
Starting server with Config HP="localhost:3307"|T="300000"|R="false"|L="warning"|S="/tmp/mysql.sock"
time="2026-04-20T21:04:29-05:00" level=warning msg="secure_file_priv is set to \"\", which is insecure."
time="2026-04-20T21:04:29-05:00" level=warning msg="Any user with GRANT FILE privileges will be able to read any file which the sql-server process can read."
time="2026-04-20T21:04:29-05:00" level=warning msg="Please consider restarting the server with secure_file_priv set to a safe (or non-existent) directory."
time="2026-04-20T21:04:33-05:00" level=warning msg="error running query" connectTime="2026-04-20 21:04:33.738391578 -0500 CDT m=+4.399107922" connectionDb=hq connectionID=35 error="nothing to commit" queryTime="2026-04-20 21:04:33.75661779 -0500 CDT m=+4.417334124"
time="2026-04-20T21:04:34-05:00" level=warning msg="error running query" connectTime="2026-04-20 21:04:34.0413084 -0500 CDT m=+4.702024744" connectionDb=hq connectionID=44 error="nothing to commit" queryTime="2026-04-20 21:04:34.053150313 -0500 CDT m=+4.713866647"
time="2026-04-20T21:04:34-05:00" level=warning msg="error running query" connectTime="2026-04-20 21:04:34.625296996 -0500 CDT m=+5.286013330" connectionDb=hq connectionID=70 error="nothing to commit" queryTime="2026-04-20 21:04:34.642135967 -0500 CDT m=+5.302852301"
time="2026-04-20T21:04:36-05:00" level=warning msg="error running query" connectTime="2026-04-20 21:04:36.476267417 -0500 CDT m=+7.136983761" connectionDb=hq connectionID=96 error="nothing to commit" queryTime="2026-04-20 21:04:36.497025932 -0500 CDT m=+7.157742276"
time="2026-04-20T21:04:37-05:00" level=warning msg="error running query" connectTime="2026-04-20 21:04:37.099030093 -0500 CDT m=+7.759746427" connectionDb=hq connectionID=121 error="nothing to commit" queryTime="2026-04-20 21:04:37.15061165 -0500 CDT m=+7.811327984"
time="2026-04-20T21:04:42-05:00" level=warning msg="error running query" connectTime="2026-04-20 21:04:42.373005846 -0500 CDT m=+13.033722190" connectionDb=veloxide connectionID=149 error="nothing to commit" queryTime="2026-04-20 21:04:42.389015563 -0500 CDT m=+13.049731907"
time="2026-04-20T21:04:42-05:00" level=warning msg="error running query" connectTime="2026-04-20 21:04:42.646726699 -0500 CDT m=+13.307443033" connectionDb=veloxide connectionID=152 error="nothing to commit" queryTime="2026-04-20 21:04:42.65583873 -0500 CDT m=+13.316555064"
time="2026-04-20T21:04:42-05:00" level=warning msg="error running query" connectTime="2026-04-20 21:04:42.932288476 -0500 CDT m=+13.593004820" connectionDb=veloxide connectionID=155 error="nothing to commit" queryTime="2026-04-20 21:04:42.948222973 -0500 CDT m=+13.608939327"
time="2026-04-20T21:04:43-05:00" level=warning msg="error running query" connectTime="2026-04-20 21:04:43.152147827 -0500 CDT m=+13.812864171" connectionDb=veloxide connectionID=158 error="nothing to commit" queryTime="2026-04-20 21:04:43.158978723 -0500 CDT m=+13.819695067"
time="2026-04-20T21:04:43-05:00" level=warning msg="error running query" connectTime="2026-04-20 21:04:43.395681005 -0500 CDT m=+14.056397349" connectionDb=veloxide connectionID=161 error="nothing to commit" queryTime="2026-04-20 21:04:43.40729591 -0500 CDT m=+14.068012254"
time="2026-04-20T21:04:43-05:00" level=warning msg="error running query" connectTime="2026-04-20 21:04:34.368539435 -0500 CDT m=+5.029255779" connectionDb=hq connectionID=60 error="unknown push error; no common ancestor" queryTime="2026-04-20 21:04:43.49555283 -0500 CDT m=+14.156269164"
time="2026-04-20T21:04:43-05:00" level=warning msg="error running query" connectTime="2026-04-20 21:04:34.946736899 -0500 CDT m=+5.607453233" connectionDb=hq connectionID=71 error="unknown push error; no common ancestor" queryTime="2026-04-20 21:04:43.543240402 -0500 CDT m=+14.203956736"
time="2026-04-20T21:04:43-05:00" level=warning msg="error running query" connectTime="2026-04-20 21:04:37.49581779 -0500 CDT m=+8.156534144" connectionDb=hq connectionID=122 error="unknown push error; no common ancestor" queryTime="2026-04-20 21:04:43.58384445 -0500 CDT m=+14.244560794"
time="2026-04-20T21:04:43-05:00" level=warning msg="error running query" connectTime="2026-04-20 21:04:34.067220662 -0500 CDT m=+4.727937006" connectionDb=hq connectionID=45 error="unknown push error; no common ancestor" queryTime="2026-04-20 21:04:43.594086784 -0500 CDT m=+14.254803138"
time="2026-04-20T21:04:43-05:00" level=warning msg="error running query" connectTime="2026-04-20 21:04:43.631359334 -0500 CDT m=+14.292075678" connectionDb=hq connectionID=181 error="nothing to commit" queryTime="2026-04-20 21:04:43.646246238 -0500 CDT m=+14.306962602"
time="2026-04-20T21:04:43-05:00" level=warning msg="error running query" connectTime="2026-04-20 21:04:43.64736601 -0500 CDT m=+14.308082344" connectionDb=hq connectionID=185 error="nothing to commit" queryTime="2026-04-20 21:04:43.658964586 -0500 CDT m=+14.319680930"
time="2026-04-20T21:04:43-05:00" level=warning msg="error running query" connectTime="2026-04-20 21:04:36.775686812 -0500 CDT m=+7.436403146" connectionDb=hq connectionID=109 error="unknown push error; no common ancestor" queryTime="2026-04-20 21:04:43.684318032 -0500 CDT m=+14.345034386"
time="2026-04-20T21:04:43-05:00" level=warning msg="error running query" connectTime="2026-04-20 21:04:43.673187094 -0500 CDT m=+14.333903438" connectionDb=hq connectionID=188 error="nothing to commit" queryTime="2026-04-20 21:04:43.68613518 -0500 CDT m=+14.346851514"
time="2026-04-20T21:04:43-05:00" level=warning msg="error running query" connectTime="2026-04-20 21:04:43.695825088 -0500 CDT m=+14.356541432" connectionDb=veloxide connectionID=193 error="nothing to commit" queryTime="2026-04-20 21:04:43.720406749 -0500 CDT m=+14.381123083"
time="2026-04-20T21:04:43-05:00" level=warning msg="error running query" connectTime="2026-04-20 21:04:43.701314382 -0500 CDT m=+14.362030716" connectionDb=hq connectionID=194 error="nothing to commit" queryTime="2026-04-20 21:04:43.731442548 -0500 CDT m=+14.392158892"
time="2026-04-20T21:04:43-05:00" level=warning msg="error running query" connectTime="2026-04-20 21:04:43.819662518 -0500 CDT m=+14.480378852" connectionDb=hq connectionID=209 error="nothing to commit" queryTime="2026-04-20 21:04:43.828873139 -0500 CDT m=+14.489589473"
time="2026-04-20T21:04:44-05:00" level=warning msg="error running query" connectTime="2026-04-20 21:04:44.030245149 -0500 CDT m=+14.690961493" connectionDb=veloxide connectionID=217 error="nothing to commit" queryTime="2026-04-20 21:04:44.046113377 -0500 CDT m=+14.706829711"
time="2026-04-20T21:04:44-05:00" level=warning msg="error running query" connectTime="2026-04-20 21:04:44.315904636 -0500 CDT m=+14.976620980" connectionDb=veloxide connectionID=223 error="nothing to commit" queryTime="2026-04-20 21:04:44.331511285 -0500 CDT m=+14.992227639"
time="2026-04-20T21:04:44-05:00" level=warning msg="error running query" connectTime="2026-04-20 21:04:44.623065213 -0500 CDT m=+15.283781557" connectionDb=veloxide connectionID=235 error="nothing to commit" queryTime="2026-04-20 21:04:44.63904453 -0500 CDT m=+15.299760864"
time="2026-04-20T21:04:44-05:00" level=warning msg="error running query" connectTime="2026-04-20 21:04:44.623390001 -0500 CDT m=+15.284106345" connectionDb=hq connectionID=234 error="nothing to commit" queryTime="2026-04-20 21:04:44.640838259 -0500 CDT m=+15.301554613"
time="2026-04-20T21:04:44-05:00" level=warning msg="error running query" connectTime="2026-04-20 21:04:44.944250151 -0500 CDT m=+15.604966495" connectionDb=veloxide connectionID=238 error="nothing to commit" queryTime="2026-04-20 21:04:44.954021048 -0500 CDT m=+15.614737402"
time="2026-04-20T21:04:45-05:00" level=warning msg="error running query" connectTime="2026-04-20 21:04:45.334977829 -0500 CDT m=+15.995694163" connectionDb=veloxide connectionID=242 error="nothing to commit" queryTime="2026-04-20 21:04:45.347864476 -0500 CDT m=+16.008580820"
time="2026-04-20T21:04:45-05:00" level=warning msg="error running query" connectTime="2026-04-20 21:04:44.02548653 -0500 CDT m=+14.686202874" connectionDb=hq connectionID=213 error="unknown push error; no common ancestor" queryTime="2026-04-20 21:04:45.633825401 -0500 CDT m=+16.294541735"
time="2026-04-20T21:04:45-05:00" level=warning msg="error running query" connectTime="2026-04-20 21:04:44.025623789 -0500 CDT m=+14.686340263" connectionDb=hq connectionID=214 error="unknown push error; no common ancestor" queryTime="2026-04-20 21:04:45.653665173 -0500 CDT m=+16.314381517"
time="2026-04-20T21:04:45-05:00" level=warning msg="error running query" connectTime="2026-04-20 21:04:44.063791883 -0500 CDT m=+14.724508227" connectionDb=hq connectionID=218 error="unknown push error; no common ancestor" queryTime="2026-04-20 21:04:45.682319618 -0500 CDT m=+16.343035962"
time="2026-04-20T21:04:45-05:00" level=warning msg="error running query" connectTime="2026-04-20 21:04:45.660562419 -0500 CDT m=+16.321278763" connectionDb=veloxide connectionID=257 error="nothing to commit" queryTime="2026-04-20 21:04:45.716262899 -0500 CDT m=+16.376979243"
time="2026-04-20T21:04:45-05:00" level=warning msg="error running query" connectTime="2026-04-20 21:04:45.716442148 -0500 CDT m=+16.377158492" connectionDb=hq connectionID=264 error="nothing to commit" queryTime="2026-04-20 21:04:45.734945268 -0500 CDT m=+16.395661612"
time="2026-04-20T21:04:45-05:00" level=warning msg="error running query" connectTime="2026-04-20 21:04:44.0735632 -0500 CDT m=+14.734279544" connectionDb=hq connectionID=219 error="unknown push error; no common ancestor" queryTime="2026-04-20 21:04:45.748069244 -0500 CDT m=+16.408785588"
time="2026-04-20T21:04:45-05:00" level=warning msg="error running query" connectTime="2026-04-20 21:04:44.146114361 -0500 CDT m=+14.806830705" connectionDb=hq connectionID=220 error="unknown push error; no common ancestor" queryTime="2026-04-20 21:04:45.815053512 -0500 CDT m=+16.475769846"
time="2026-04-20T21:04:45-05:00" level=warning msg="error running query" connectTime="2026-04-20 21:04:45.832625458 -0500 CDT m=+16.493341792" connectionDb=hq connectionID=278 error="nothing to commit" queryTime="2026-04-20 21:04:45.849698818 -0500 CDT m=+16.510415162"
time="2026-04-20T21:04:45-05:00" level=warning msg="error running query" connectTime="2026-04-20 21:04:45.930725185 -0500 CDT m=+16.591441519" connectionDb=hq connectionID=287 error="nothing to commit" queryTime="2026-04-20 21:04:45.946572953 -0500 CDT m=+16.607289307"
time="2026-04-20T21:04:46-05:00" level=warning msg="error running query" connectTime="2026-04-20 21:04:45.993908028 -0500 CDT m=+16.654624362" connectionDb=hq connectionID=292 error="nothing to commit" queryTime="2026-04-20 21:04:46.018896076 -0500 CDT m=+16.679612430"
time="2026-04-20T21:04:46-05:00" level=warning msg="error running query" connectTime="2026-04-20 21:04:46.046539608 -0500 CDT m=+16.707255952" connectionDb=hq connectionID=296 error="nothing to commit" queryTime="2026-04-20 21:04:46.06174181 -0500 CDT m=+16.722458154"
time="2026-04-20T21:04:46-05:00" level=warning msg="error running query" connectTime="2026-04-20 21:04:46.155213657 -0500 CDT m=+16.815929991" connectionDb=veloxide connectionID=305 error="nothing to commit" queryTime="2026-04-20 21:04:46.176872167 -0500 CDT m=+16.837588521"
time="2026-04-20T21:04:46-05:00" level=warning msg="error running query" connectTime="2026-04-20 21:04:45.002035388 -0500 CDT m=+15.662751732" connectionDb=hq connectionID=239 error="unknown push error; no common ancestor" queryTime="2026-04-20 21:04:46.62276569 -0500 CDT m=+17.283482044"
time="2026-04-20T21:04:46-05:00" level=warning msg="error running query" connectTime="2026-04-20 21:04:46.63356498 -0500 CDT m=+17.294281494" connectionDb=veloxide connectionID=334 error="nothing to commit" queryTime="2026-04-20 21:04:46.651506815 -0500 CDT m=+17.312223159"
time="2026-04-20T21:04:46-05:00" level=warning msg="error running query" connectTime="2026-04-20 21:04:46.696015838 -0500 CDT m=+17.356732232" connectionDb=hq connectionID=339 error="nothing to commit" queryTime="2026-04-20 21:04:46.714727987 -0500 CDT m=+17.375444341"
time="2026-04-20T21:04:46-05:00" level=warning msg="error running query" connectTime="2026-04-20 21:04:46.802004104 -0500 CDT m=+17.462720438" connectionDb=hq connectionID=346 error="nothing to commit" queryTime="2026-04-20 21:04:46.820028757 -0500 CDT m=+17.480745101"
time="2026-04-20T21:04:47-05:00" level=warning msg="error running query" connectTime="2026-04-20 21:04:47.100846606 -0500 CDT m=+17.761562940" connectionDb=veloxide connectionID=373 error="nothing to commit" queryTime="2026-04-20 21:04:47.115497091 -0500 CDT m=+17.776213425"
time="2026-04-20T21:04:47-05:00" level=warning msg="error running query" connectTime="2026-04-20 21:04:47.504181114 -0500 CDT m=+18.164897458" connectionDb=veloxide connectionID=407 error="nothing to commit" queryTime="2026-04-20 21:04:47.519066248 -0500 CDT m=+18.179782592"
time="2026-04-20T21:04:47-05:00" level=warning msg="error running query" connectTime="2026-04-20 21:04:47.811884829 -0500 CDT m=+18.472601173" connectionDb=hq connectionID=432 error="nothing to commit" queryTime="2026-04-20 21:04:47.827893886 -0500 CDT m=+18.488610220"
time="2026-04-20T21:04:47-05:00" level=warning msg="error running query" connectTime="2026-04-20 21:04:46.189832413 -0500 CDT m=+16.850548757" connectionDb=hq connectionID=306 error="unknown push error; no common ancestor" queryTime="2026-04-20 21:04:47.860677214 -0500 CDT m=+18.521393558"
time="2026-04-20T21:04:47-05:00" level=warning msg="error running query" connectTime="2026-04-20 21:04:47.961464804 -0500 CDT m=+18.622181148" connectionDb=hq connectionID=438 error="nothing to commit" queryTime="2026-04-20 21:04:47.976214049 -0500 CDT m=+18.636930383"
time="2026-04-20T21:04:47-05:00" level=warning msg="error running query" connectTime="2026-04-20 21:04:46.317751538 -0500 CDT m=+16.978467882" connectionDb=hq connectionID=316 error="unknown push error; no common ancestor" queryTime="2026-04-20 21:04:47.985144031 -0500 CDT m=+18.645860385"
time="2026-04-20T21:04:48-05:00" level=warning msg="error running query" connectTime="2026-04-20 21:04:46.405492912 -0500 CDT m=+17.066209256" connectionDb=hq connectionID=320 error="unknown push error; no common ancestor" queryTime="2026-04-20 21:04:48.04418198 -0500 CDT m=+18.704898324"
time="2026-04-20T21:04:48-05:00" level=warning msg="error running query" connectTime="2026-04-20 21:04:48.052824375 -0500 CDT m=+18.713540709" connectionDb=veloxide connectionID=445 error="nothing to commit" queryTime="2026-04-20 21:04:48.076170944 -0500 CDT m=+18.736887288"
time="2026-04-20T21:04:48-05:00" level=warning msg="error running query" connectTime="2026-04-20 21:04:46.423450306 -0500 CDT m=+17.084166650" connectionDb=hq connectionID=321 error="unknown push error; no common ancestor" queryTime="2026-04-20 21:04:48.173493926 -0500 CDT m=+18.834210270"
time="2026-04-20T21:04:48-05:00" level=warning msg="error running query" connectTime="2026-04-20 21:04:48.223722462 -0500 CDT m=+18.884438806" connectionDb=hq connectionID=465 error="nothing to commit" queryTime="2026-04-20 21:04:48.232632035 -0500 CDT m=+18.893348379"
time="2026-04-20T21:04:48-05:00" level=warning msg="error running query" connectTime="2026-04-20 21:04:46.525247699 -0500 CDT m=+17.185964043" connectionDb=hq connectionID=322 error="unknown push error; no common ancestor" queryTime="2026-04-20 21:04:48.244161061 -0500 CDT m=+18.904877405"
time="2026-04-20T21:04:48-05:00" level=warning msg="error running query" connectTime="2026-04-20 21:04:48.231927889 -0500 CDT m=+18.892644233" connectionDb=hq connectionID=468 error="nothing to commit" queryTime="2026-04-20 21:04:48.252545277 -0500 CDT m=+18.913261621"
time="2026-04-20T21:04:48-05:00" level=warning msg="error running query" connectTime="2026-04-20 21:04:48.275767447 -0500 CDT m=+18.936483791" connectionDb=hq connectionID=474 error="nothing to commit" queryTime="2026-04-20 21:04:48.297833204 -0500 CDT m=+18.958549548"
time="2026-04-20T21:04:48-05:00" level=warning msg="error running query" connectTime="2026-04-20 21:04:48.320947645 -0500 CDT m=+18.981663989" connectionDb=hq connectionID=478 error="nothing to commit" queryTime="2026-04-20 21:04:48.336903612 -0500 CDT m=+18.997619956"
time="2026-04-20T21:04:48-05:00" level=warning msg="error running query" connectTime="2026-04-20 21:04:48.406935101 -0500 CDT m=+19.067651435" connectionDb=hq connectionID=487 error="nothing to commit" queryTime="2026-04-20 21:04:48.423785822 -0500 CDT m=+19.084502166"
time="2026-04-20T21:04:48-05:00" level=warning msg="error running query" connectTime="2026-04-20 21:04:48.554959766 -0500 CDT m=+19.215676100" connectionDb=veloxide connectionID=497 error="nothing to commit" queryTime="2026-04-20 21:04:48.56676083 -0500 CDT m=+19.227477174"
time="2026-04-20T21:04:48-05:00" level=warning msg="error running query" connectTime="2026-04-20 21:04:48.708323687 -0500 CDT m=+19.369040021" connectionDb=hq connectionID=504 error="nothing to commit" queryTime="2026-04-20 21:04:48.741002836 -0500 CDT m=+19.401719180"
time="2026-04-20T21:04:48-05:00" level=warning msg="error running query" connectTime="2026-04-20 21:04:47.162946905 -0500 CDT m=+17.823663249" connectionDb=hq connectionID=377 error="unknown push error; no common ancestor" queryTime="2026-04-20 21:04:48.875382279 -0500 CDT m=+19.536098623"
time="2026-04-20T21:04:48-05:00" level=warning msg="error running query" connectTime="2026-04-20 21:04:47.270897229 -0500 CDT m=+17.931613563" connectionDb=hq connectionID=387 error="unknown push error; no common ancestor" queryTime="2026-04-20 21:04:48.962437988 -0500 CDT m=+19.623154332"
time="2026-04-20T21:04:49-05:00" level=warning msg="error running query" connectTime="2026-04-20 21:04:49.000170014 -0500 CDT m=+19.660886358" connectionDb=veloxide connectionID=514 error="nothing to commit" queryTime="2026-04-20 21:04:49.015925543 -0500 CDT m=+19.676641877"
time="2026-04-20T21:04:49-05:00" level=warning msg="error running query" connectTime="2026-04-20 21:04:49.040248436 -0500 CDT m=+19.700964780" connectionDb=hq connectionID=519 error="nothing to commit" queryTime="2026-04-20 21:04:49.052124099 -0500 CDT m=+19.712840443"
time="2026-04-20T21:04:49-05:00" level=warning msg="error running query" connectTime="2026-04-20 21:04:49.30162931 -0500 CDT m=+19.962345644" connectionDb=hq connectionID=533 error="nothing to commit" queryTime="2026-04-20 21:04:49.320429359 -0500 CDT m=+19.981145703"
time="2026-04-20T21:04:49-05:00" level=warning msg="error running query" connectTime="2026-04-20 21:04:49.34964682 -0500 CDT m=+20.010363154" connectionDb=hq connectionID=536 error="nothing to commit" queryTime="2026-04-20 21:04:49.359837725 -0500 CDT m=+20.020554059"
time="2026-04-20T21:04:49-05:00" level=warning msg="error running query" connectTime="2026-04-20 21:04:49.424313859 -0500 CDT m=+20.085030203" connectionDb=veloxide connectionID=539 error="nothing to commit" queryTime="2026-04-20 21:04:49.449491216 -0500 CDT m=+20.110207560"
time="2026-04-20T21:04:49-05:00" level=warning msg="error running query" connectTime="2026-04-20 21:04:49.810102671 -0500 CDT m=+20.470819015" connectionDb=veloxide connectionID=545 error="nothing to commit" queryTime="2026-04-20 21:04:49.835502727 -0500 CDT m=+20.496219071"
time="2026-04-20T21:04:50-05:00" level=warning msg="error running query" connectTime="2026-04-20 21:04:48.281008753 -0500 CDT m=+18.941725097" connectionDb=hq connectionID=475 error="unknown push error; no common ancestor" queryTime="2026-04-20 21:04:50.1792161 -0500 CDT m=+20.839932444"
time="2026-04-20T21:04:50-05:00" level=warning msg="error running query" connectTime="2026-04-20 21:04:50.194551782 -0500 CDT m=+20.855268126" connectionDb=veloxide connectionID=557 error="nothing to commit" queryTime="2026-04-20 21:04:50.210883416 -0500 CDT m=+20.871599770"
time="2026-04-20T21:04:50-05:00" level=warning msg="error running query" connectTime="2026-04-20 21:04:48.41627032 -0500 CDT m=+19.076986654" connectionDb=hq connectionID=488 error="unknown push error; no common ancestor" queryTime="2026-04-20 21:04:50.240915813 -0500 CDT m=+20.901632157"
time="2026-04-20T21:04:50-05:00" level=warning msg="error running query" connectTime="2026-04-20 21:04:50.239208394 -0500 CDT m=+20.899924728" connectionDb=hq connectionID=560 error="nothing to commit" queryTime="2026-04-20 21:04:50.256179944 -0500 CDT m=+20.916896288"
time="2026-04-20T21:04:50-05:00" level=warning msg="error running query" connectTime="2026-04-20 21:04:48.677190167 -0500 CDT m=+19.337906511" connectionDb=hq connectionID=501 error="unknown push error; no common ancestor" queryTime="2026-04-20 21:04:50.515906369 -0500 CDT m=+21.176622703"
time="2026-04-20T21:04:50-05:00" level=warning msg="error running query" connectTime="2026-04-20 21:04:48.752168804 -0500 CDT m=+19.412885148" connectionDb=hq connectionID=505 error="unknown push error; no common ancestor" queryTime="2026-04-20 21:04:50.564325397 -0500 CDT m=+21.225041731"
time="2026-04-20T21:04:50-05:00" level=warning msg="error running query" connectTime="2026-04-20 21:04:48.789011436 -0500 CDT m=+19.449727770" connectionDb=hq connectionID=508 error="unknown push error; no common ancestor" queryTime="2026-04-20 21:04:50.570985854 -0500 CDT m=+21.231702198"
time="2026-04-20T21:04:50-05:00" level=warning msg="error running query" connectTime="2026-04-20 21:04:50.605575341 -0500 CDT m=+21.266291685" connectionDb=veloxide connectionID=575 error="nothing to commit" queryTime="2026-04-20 21:04:50.615658276 -0500 CDT m=+21.276374620"
time="2026-04-20T21:04:50-05:00" level=warning msg="error running query" connectTime="2026-04-20 21:04:48.783352123 -0500 CDT m=+19.444068467" connectionDb=hq connectionID=507 error="unknown push error; no common ancestor" queryTime="2026-04-20 21:04:50.689800768 -0500 CDT m=+21.350517112"
time="2026-04-20T21:04:50-05:00" level=warning msg="error running query" connectTime="2026-04-20 21:04:50.69261004 -0500 CDT m=+21.353326394" connectionDb=hq connectionID=589 error="nothing to commit" queryTime="2026-04-20 21:04:50.709161873 -0500 CDT m=+21.369878207"
time="2026-04-20T21:04:50-05:00" level=warning msg="error running query" connectTime="2026-04-20 21:04:48.772405403 -0500 CDT m=+19.433121747" connectionDb=hq connectionID=506 error="unknown push error; no common ancestor" queryTime="2026-04-20 21:04:50.753468627 -0500 CDT m=+21.414184971"
time="2026-04-20T21:04:50-05:00" level=warning msg="error running query" connectTime="2026-04-20 21:04:50.775815553 -0500 CDT m=+21.436531887" connectionDb=hq connectionID=597 error="nothing to commit" queryTime="2026-04-20 21:04:50.798432148 -0500 CDT m=+21.459148492"
time="2026-04-20T21:04:50-05:00" level=warning msg="error running query" connectTime="2026-04-20 21:04:50.817760293 -0500 CDT m=+21.478476637" connectionDb=hq connectionID=603 error="nothing to commit" queryTime="2026-04-20 21:04:50.839048736 -0500 CDT m=+21.499765080"
time="2026-04-20T21:04:50-05:00" level=warning msg="error running query" connectTime="2026-04-20 21:04:50.940887449 -0500 CDT m=+21.601603783" connectionDb=hq connectionID=619 error="nothing to commit" queryTime="2026-04-20 21:04:50.947945783 -0500 CDT m=+21.608662127"
time="2026-04-20T21:04:51-05:00" level=warning msg="error running query" connectTime="2026-04-20 21:04:49.145091189 -0500 CDT m=+19.805807523" connectionDb=hq connectionID=524 error="unknown push error; no common ancestor" queryTime="2026-04-20 21:04:51.032030621 -0500 CDT m=+21.692746955"
time="2026-04-20T21:04:51-05:00" level=warning msg="error running query" connectTime="2026-04-20 21:04:51.13766242 -0500 CDT m=+21.798378764" connectionDb=hq connectionID=633 error="nothing to commit" queryTime="2026-04-20 21:04:51.160084135 -0500 CDT m=+21.820800489"
time="2026-04-20T21:04:51-05:00" level=warning msg="error running query" connectTime="2026-04-20 21:04:51.138565764 -0500 CDT m=+21.799282108" connectionDb=hq connectionID=634 error="nothing to commit" queryTime="2026-04-20 21:04:51.162895027 -0500 CDT m=+21.823611361"
time="2026-04-20T21:04:51-05:00" level=warning msg="error running query" connectTime="2026-04-20 21:04:49.530840812 -0500 CDT m=+20.191557156" connectionDb=hq connectionID=540 error="unknown push error; no common ancestor" queryTime="2026-04-20 21:04:51.297908817 -0500 CDT m=+21.958625151"
time="2026-04-20T21:04:51-05:00" level=warning msg="error running query" connectTime="2026-04-20 21:04:49.797594501 -0500 CDT m=+20.458310845" connectionDb=hq connectionID=541 error="unknown push error; no common ancestor" queryTime="2026-04-20 21:04:51.521455226 -0500 CDT m=+22.182171570"
time="2026-04-20T21:04:51-05:00" level=warning msg="error running query" connectTime="2026-04-20 21:04:49.802818728 -0500 CDT m=+20.463535072" connectionDb=hq connectionID=542 error="unknown push error; no common ancestor" queryTime="2026-04-20 21:04:51.570652308 -0500 CDT m=+22.231368642"
time="2026-04-20T21:04:51-05:00" level=warning msg="error running query" connectTime="2026-04-20 21:04:51.590841018 -0500 CDT m=+22.251557362" connectionDb=hq connectionID=672 error="nothing to commit" queryTime="2026-04-20 21:04:51.599790331 -0500 CDT m=+22.260506685"
time="2026-04-20T21:04:51-05:00" level=warning msg="error running query" connectTime="2026-04-20 21:04:51.648744675 -0500 CDT m=+22.309461009" connectionDb=hq connectionID=679 error="nothing to commit" queryTime="2026-04-20 21:04:51.664395434 -0500 CDT m=+22.325111778"
time="2026-04-20T21:04:51-05:00" level=warning msg="error running query" connectTime="2026-04-20 21:04:51.806566087 -0500 CDT m=+22.467282421" connectionDb=hq connectionID=700 error="nothing to commit" queryTime="2026-04-20 21:04:51.818993417 -0500 CDT m=+22.479709771"
time="2026-04-20T21:04:51-05:00" level=warning msg="error running query" connectTime="2026-04-20 21:04:51.969912334 -0500 CDT m=+22.630628678" connectionDb=hq connectionID=713 error="nothing to commit" queryTime="2026-04-20 21:04:51.980042149 -0500 CDT m=+22.640758493"
time="2026-04-20T21:04:52-05:00" level=warning msg="error running query" connectTime="2026-04-20 21:04:52.213622343 -0500 CDT m=+22.874338687" connectionDb=hq connectionID=736 error="nothing to commit" queryTime="2026-04-20 21:04:52.221484532 -0500 CDT m=+22.882200876"
time="2026-04-20T21:04:52-05:00" level=warning msg="error running query" connectTime="2026-04-20 21:04:50.691238039 -0500 CDT m=+21.351954383" connectionDb=hq connectionID=588 error="unknown push error; no common ancestor" queryTime="2026-04-20 21:04:52.407786231 -0500 CDT m=+23.068502565"
time="2026-04-20T21:04:52-05:00" level=warning msg="error running query" connectTime="2026-04-20 21:04:52.602477366 -0500 CDT m=+23.263193700" connectionDb=hq connectionID=756 error="nothing to commit" queryTime="2026-04-20 21:04:52.613747583 -0500 CDT m=+23.274463917"
time="2026-04-20T21:04:52-05:00" level=warning msg="error running query" connectTime="2026-04-20 21:04:51.161819444 -0500 CDT m=+21.822535788" connectionDb=hq connectionID=635 error="unknown push error; no common ancestor" queryTime="2026-04-20 21:04:52.776223176 -0500 CDT m=+23.436939530"
time="2026-04-20T21:04:52-05:00" level=warning msg="error running query" connectTime="2026-04-20 21:04:51.263998835 -0500 CDT m=+21.924715179" connectionDb=hq connectionID=641 error="unknown push error; no common ancestor" queryTime="2026-04-20 21:04:52.882226843 -0500 CDT m=+23.542943177"
time="2026-04-20T21:04:52-05:00" level=warning msg="error running query" connectTime="2026-04-20 21:04:51.272847648 -0500 CDT m=+21.933564012" connectionDb=hq connectionID=643 error="unknown push error; no common ancestor" queryTime="2026-04-20 21:04:52.907041113 -0500 CDT m=+23.567757447"
time="2026-04-20T21:04:52-05:00" level=warning msg="error running query" connectTime="2026-04-20 21:04:51.350486918 -0500 CDT m=+22.011203262" connectionDb=hq connectionID=650 error="unknown push error; no common ancestor" queryTime="2026-04-20 21:04:52.973162166 -0500 CDT m=+23.633878510"
time="2026-04-20T21:04:53-05:00" level=warning msg="error running query" connectTime="2026-04-20 21:04:53.01601033 -0500 CDT m=+23.676726674" connectionDb=hq connectionID=784 error="nothing to commit" queryTime="2026-04-20 21:04:53.025495079 -0500 CDT m=+23.686211413"
time="2026-04-20T21:04:53-05:00" level=warning msg="error running query" connectTime="2026-04-20 21:04:53.04238184 -0500 CDT m=+23.703098184" connectionDb=hq connectionID=789 error="nothing to commit" queryTime="2026-04-20 21:04:53.062892048 -0500 CDT m=+23.723608392"
time="2026-04-20T21:04:53-05:00" level=warning msg="error running query" connectTime="2026-04-20 21:04:53.145683994 -0500 CDT m=+23.806400338" connectionDb=hq connectionID=799 error="nothing to commit" queryTime="2026-04-20 21:04:53.159396756 -0500 CDT m=+23.820113250"
time="2026-04-20T21:04:53-05:00" level=warning msg="error running query" connectTime="2026-04-20 21:04:51.593847109 -0500 CDT m=+22.254563453" connectionDb=hq connectionID=673 error="unknown push error; no common ancestor" queryTime="2026-04-20 21:04:53.312212131 -0500 CDT m=+23.972928475"
time="2026-04-20T21:04:53-05:00" level=warning msg="error running query" connectTime="2026-04-20 21:04:53.363276272 -0500 CDT m=+24.023992616" connectionDb=hq connectionID=814 error="nothing to commit" queryTime="2026-04-20 21:04:53.370237927 -0500 CDT m=+24.030954271"
time="2026-04-20T21:04:53-05:00" level=warning msg="error running query" connectTime="2026-04-20 21:04:51.59049955 -0500 CDT m=+22.251215884" connectionDb=hq connectionID=671 error="unknown push error; no common ancestor" queryTime="2026-04-20 21:04:53.402148191 -0500 CDT m=+24.062864555"
time="2026-04-20T21:04:53-05:00" level=warning msg="error running query" connectTime="2026-04-20 21:04:53.444074371 -0500 CDT m=+24.104790715" connectionDb=hq connectionID=825 error="nothing to commit" queryTime="2026-04-20 21:04:53.45667615 -0500 CDT m=+24.117392484"
time="2026-04-20T21:04:53-05:00" level=warning msg="error running query" connectTime="2026-04-20 21:04:53.673887 -0500 CDT m=+24.334603344" connectionDb=hq connectionID=847 error="nothing to commit" queryTime="2026-04-20 21:04:53.687613081 -0500 CDT m=+24.348329425"
time="2026-04-20T21:04:53-05:00" level=warning msg="error running query" connectTime="2026-04-20 21:04:52.083241863 -0500 CDT m=+22.743958207" connectionDb=hq connectionID=728 error="unknown push error; no common ancestor" queryTime="2026-04-20 21:04:53.716943572 -0500 CDT m=+24.377659926"
time="2026-04-20T21:04:53-05:00" level=warning msg="error running query" connectTime="2026-04-20 21:04:52.045164229 -0500 CDT m=+22.705880563" connectionDb=hq connectionID=723 error="unknown push error; no common ancestor" queryTime="2026-04-20 21:04:53.774766389 -0500 CDT m=+24.435482743"
time="2026-04-20T21:04:53-05:00" level=warning msg="error running query" connectTime="2026-04-20 21:04:52.223868297 -0500 CDT m=+22.884584641" connectionDb=hq connectionID=738 error="unknown push error; no common ancestor" queryTime="2026-04-20 21:04:53.857389737 -0500 CDT m=+24.518106081"
time="2026-04-20T21:04:53-05:00" level=warning msg="error running query" connectTime="2026-04-20 21:04:53.918269214 -0500 CDT m=+24.578985558" connectionDb=hq connectionID=882 error="nothing to commit" queryTime="2026-04-20 21:04:53.932472563 -0500 CDT m=+24.593188907"
time="2026-04-20T21:04:54-05:00" level=warning msg="error running query" connectTime="2026-04-20 21:04:54.042604423 -0500 CDT m=+24.703320767" connectionDb=hq connectionID=901 error="nothing to commit" queryTime="2026-04-20 21:04:54.051894163 -0500 CDT m=+24.712610517"
time="2026-04-20T21:04:54-05:00" level=warning msg="error running query" connectTime="2026-04-20 21:04:52.370145004 -0500 CDT m=+23.030861348" connectionDb=hq connectionID=743 error="unknown push error; no common ancestor" queryTime="2026-04-20 21:04:54.101272985 -0500 CDT m=+24.761989329"
time="2026-04-20T21:04:54-05:00" level=warning msg="error running query" connectTime="2026-04-20 21:04:54.175461117 -0500 CDT m=+24.836177451" connectionDb=hq connectionID=913 error="nothing to commit" queryTime="2026-04-20 21:04:54.190807128 -0500 CDT m=+24.851523472"
time="2026-04-20T21:04:54-05:00" level=warning msg="error running query" connectTime="2026-04-20 21:04:52.663103305 -0500 CDT m=+23.323819639" connectionDb=hq connectionID=763 error="unknown push error; no common ancestor" queryTime="2026-04-20 21:04:54.338349927 -0500 CDT m=+24.999066271"
time="2026-04-20T21:04:54-05:00" level=warning msg="error running query" connectTime="2026-04-20 21:04:54.350419819 -0500 CDT m=+25.011136163" connectionDb=hq connectionID=944 error="nothing to commit" queryTime="2026-04-20 21:04:54.361908375 -0500 CDT m=+25.022624719"
time="2026-04-20T21:04:54-05:00" level=warning msg="error running query" connectTime="2026-04-20 21:04:54.362494351 -0500 CDT m=+25.023210695" connectionDb=hq connectionID=950 error="nothing to commit" queryTime="2026-04-20 21:04:54.37046726 -0500 CDT m=+25.031183604"
time="2026-04-20T21:04:54-05:00" level=warning msg="error running query" connectTime="2026-04-20 21:04:54.386103259 -0500 CDT m=+25.046819593" connectionDb=hq connectionID=953 error="nothing to commit" queryTime="2026-04-20 21:04:54.402030876 -0500 CDT m=+25.062747210"
time="2026-04-20T21:04:54-05:00" level=warning msg="error running query" connectTime="2026-04-20 21:04:54.581078322 -0500 CDT m=+25.241794666" connectionDb=hq connectionID=973 error="nothing to commit" queryTime="2026-04-20 21:04:54.590410602 -0500 CDT m=+25.251126936"
time="2026-04-20T21:04:54-05:00" level=warning msg="error running query" connectTime="2026-04-20 21:04:54.605447445 -0500 CDT m=+25.266163789" connectionDb=hq connectionID=979 error="nothing to commit" queryTime="2026-04-20 21:04:54.621412712 -0500 CDT m=+25.282129056"
time="2026-04-20T21:04:54-05:00" level=warning msg="error running query" connectTime="2026-04-20 21:04:53.00825265 -0500 CDT m=+23.668968994" connectionDb=hq connectionID=781 error="unknown push error; no common ancestor" queryTime="2026-04-20 21:04:54.795983797 -0500 CDT m=+25.456700141"
time="2026-04-20T21:04:54-05:00" level=warning msg="error running query" connectTime="2026-04-20 21:04:54.830056328 -0500 CDT m=+25.490772662" connectionDb=hq connectionID=1003 error="nothing to commit" queryTime="2026-04-20 21:04:54.842230229 -0500 CDT m=+25.502946563"
time="2026-04-20T21:04:55-05:00" level=warning msg="error running query" connectTime="2026-04-20 21:04:53.373508946 -0500 CDT m=+24.034225290" connectionDb=hq connectionID=815 error="unknown push error; no common ancestor" queryTime="2026-04-20 21:04:55.015818591 -0500 CDT m=+25.676534925"
time="2026-04-20T21:04:55-05:00" level=warning msg="error running query" connectTime="2026-04-20 21:04:55.02988955 -0500 CDT m=+25.690605894" connectionDb=hq connectionID=1023 error="nothing to commit" queryTime="2026-04-20 21:04:55.044934393 -0500 CDT m=+25.705650737"
time="2026-04-20T21:04:55-05:00" level=warning msg="error running query" connectTime="2026-04-20 21:04:55.123807674 -0500 CDT m=+25.784524018" connectionDb=hq connectionID=1035 error="nothing to commit" queryTime="2026-04-20 21:04:55.132561998 -0500 CDT m=+25.793278352"
time="2026-04-20T21:04:55-05:00" level=warning msg="error running query" connectTime="2026-04-20 21:04:53.427277059 -0500 CDT m=+24.087993393" connectionDb=hq connectionID=822 error="unknown push error; no common ancestor" queryTime="2026-04-20 21:04:55.200107453 -0500 CDT m=+25.860823787"
time="2026-04-20T21:04:55-05:00" level=warning msg="error running query" connectTime="2026-04-20 21:04:53.521605351 -0500 CDT m=+24.182321695" connectionDb=hq connectionID=829 error="unknown push error; no common ancestor" queryTime="2026-04-20 21:04:55.278462778 -0500 CDT m=+25.939179112"
time="2026-04-20T21:04:55-05:00" level=warning msg="error running query" connectTime="2026-04-20 21:04:55.284273651 -0500 CDT m=+25.944989995" connectionDb=hq connectionID=1060 error="nothing to commit" queryTime="2026-04-20 21:04:55.296643951 -0500 CDT m=+25.957360295"
time="2026-04-20T21:04:55-05:00" level=warning msg="error running query" connectTime="2026-04-20 21:04:55.340840226 -0500 CDT m=+26.001556570" connectionDb=hq connectionID=1072 error="nothing to commit" queryTime="2026-04-20 21:04:55.346726728 -0500 CDT m=+26.007443062"
time="2026-04-20T21:04:55-05:00" level=warning msg="error running query" connectTime="2026-04-20 21:04:55.368344159 -0500 CDT m=+26.029060493" connectionDb=hq connectionID=1075 error="nothing to commit" queryTime="2026-04-20 21:04:55.375555642 -0500 CDT m=+26.036271986"
time="2026-04-20T21:04:55-05:00" level=warning msg="error running query" connectTime="2026-04-20 21:04:55.438862794 -0500 CDT m=+26.099579138" connectionDb=veloxide connectionID=1086 error="nothing to commit" queryTime="2026-04-20 21:04:55.455850595 -0500 CDT m=+26.116566949"
time="2026-04-20T21:04:55-05:00" level=warning msg="error running query" connectTime="2026-04-20 21:04:53.742278449 -0500 CDT m=+24.402994793" connectionDb=hq connectionID=854 error="unknown push error; no common ancestor" queryTime="2026-04-20 21:04:55.550683674 -0500 CDT m=+26.211400018"
time="2026-04-20T21:04:55-05:00" level=warning msg="error running query" connectTime="2026-04-20 21:04:53.820486404 -0500 CDT m=+24.481202748" connectionDb=hq connectionID=864 error="unknown push error; no common ancestor" queryTime="2026-04-20 21:04:55.645728611 -0500 CDT m=+26.306444955"
time="2026-04-20T21:04:55-05:00" level=warning msg="error running query" connectTime="2026-04-20 21:04:55.438862794 -0500 CDT m=+26.099579138" connectionDb=veloxide connectionID=1086 error="nothing to commit" queryTime="2026-04-20 21:04:55.670369872 -0500 CDT m=+26.331086216"
time="2026-04-20T21:04:55-05:00" level=warning msg="error running query" connectTime="2026-04-20 21:04:55.679201835 -0500 CDT m=+26.339918169" connectionDb=hq connectionID=1109 error="nothing to commit" queryTime="2026-04-20 21:04:55.691493756 -0500 CDT m=+26.352210100"
time="2026-04-20T21:04:55-05:00" level=warning msg="error running query" connectTime="2026-04-20 21:04:55.788005544 -0500 CDT m=+26.448721888" connectionDb=hq connectionID=1119 error="nothing to commit" queryTime="2026-04-20 21:04:55.802060504 -0500 CDT m=+26.462776848"
time="2026-04-20T21:04:55-05:00" level=warning msg="error running query" connectTime="2026-04-20 21:04:54.041945877 -0500 CDT m=+24.702662211" connectionDb=hq connectionID=900 error="unknown push error; no common ancestor" queryTime="2026-04-20 21:04:55.803233786 -0500 CDT m=+26.463950140"
time="2026-04-20T21:04:55-05:00" level=warning msg="error running query" connectTime="2026-04-20 21:04:55.837317477 -0500 CDT m=+26.498033821" connectionDb=hq connectionID=1125 error="nothing to commit" queryTime="2026-04-20 21:04:55.845202746 -0500 CDT m=+26.505919090"
time="2026-04-20T21:04:55-05:00" level=warning msg="error running query" connectTime="2026-04-20 21:04:55.886091222 -0500 CDT m=+26.546807566" connectionDb=hq connectionID=1129 error="nothing to commit" queryTime="2026-04-20 21:04:55.892245993 -0500 CDT m=+26.552962337"
time="2026-04-20T21:04:55-05:00" level=warning msg="error running query" connectTime="2026-04-20 21:04:54.316619537 -0500 CDT m=+24.977335881" connectionDb=hq connectionID=935 error="unknown push error; no common ancestor" queryTime="2026-04-20 21:04:55.995684146 -0500 CDT m=+26.656400480"
time="2026-04-20T21:04:56-05:00" level=warning msg="error running query" connectTime="2026-04-20 21:04:54.434155149 -0500 CDT m=+25.094871483" connectionDb=hq connectionID=960 error="unknown push error; no common ancestor" queryTime="2026-04-20 21:04:56.048916673 -0500 CDT m=+26.709633017"
time="2026-04-20T21:04:56-05:00" level=warning msg="error running query" connectTime="2026-04-20 21:04:56.099527747 -0500 CDT m=+26.760244091" connectionDb=hq connectionID=1136 error="nothing to commit" queryTime="2026-04-20 21:04:56.110522296 -0500 CDT m=+26.771238640"
time="2026-04-20T21:04:56-05:00" level=warning msg="error running query" connectTime="2026-04-20 21:04:54.524480437 -0500 CDT m=+25.185196781" connectionDb=hq connectionID=970 error="unknown push error; no common ancestor" queryTime="2026-04-20 21:04:56.144429268 -0500 CDT m=+26.805145602"
time="2026-04-20T21:04:56-05:00" level=warning msg="error running query" connectTime="2026-04-20 21:04:54.684457806 -0500 CDT m=+25.345174140" connectionDb=hq connectionID=983 error="unknown push error; no common ancestor" queryTime="2026-04-20 21:04:56.275515353 -0500 CDT m=+26.936231697"
time="2026-04-20T21:04:56-05:00" level=warning msg="error running query" connectTime="2026-04-20 21:04:56.27901507 -0500 CDT m=+26.939731404" connectionDb=hq connectionID=1157 error="nothing to commit" queryTime="2026-04-20 21:04:56.289641302 -0500 CDT m=+26.950357646"
time="2026-04-20T21:04:56-05:00" level=warning msg="error running query" connectTime="2026-04-20 21:04:56.319170472 -0500 CDT m=+26.979886816" connectionDb=hq connectionID=1162 error="nothing to commit" queryTime="2026-04-20 21:04:56.32558879 -0500 CDT m=+26.986305134"
time="2026-04-20T21:04:56-05:00" level=warning msg="error running query" connectTime="2026-04-20 21:04:54.754273736 -0500 CDT m=+25.414990080" connectionDb=hq connectionID=991 error="unknown push error; no common ancestor" queryTime="2026-04-20 21:04:56.374301016 -0500 CDT m=+27.035017360"
time="2026-04-20T21:04:56-05:00" level=warning msg="error running query" connectTime="2026-04-20 21:04:54.736761889 -0500 CDT m=+25.397478223" connectionDb=hq connectionID=987 error="unknown push error; no common ancestor" queryTime="2026-04-20 21:04:56.389694937 -0500 CDT m=+27.050411281"
time="2026-04-20T21:04:56-05:00" level=warning msg="error running query" connectTime="2026-04-20 21:04:56.410632812 -0500 CDT m=+27.071349146" connectionDb=hq connectionID=1175 error="nothing to commit" queryTime="2026-04-20 21:04:56.420812387 -0500 CDT m=+27.081528741"
time="2026-04-20T21:04:56-05:00" level=warning msg="error running query" connectTime="2026-04-20 21:04:56.433509885 -0500 CDT m=+27.094226229" connectionDb=hq connectionID=1179 error="nothing to commit" queryTime="2026-04-20 21:04:56.440189402 -0500 CDT m=+27.100905756"
time="2026-04-20T21:04:56-05:00" level=warning msg="error running query" connectTime="2026-04-20 21:04:54.906892342 -0500 CDT m=+25.567608676" connectionDb=hq connectionID=1007 error="unknown push error; no common ancestor" queryTime="2026-04-20 21:04:56.559580463 -0500 CDT m=+27.220296807"
time="2026-04-20T21:04:56-05:00" level=warning msg="error running query" connectTime="2026-04-20 21:04:54.944995097 -0500 CDT m=+25.605711441" connectionDb=hq connectionID=1014 error="unknown push error; no common ancestor" queryTime="2026-04-20 21:04:56.591211869 -0500 CDT m=+27.251928203"
time="2026-04-20T21:04:56-05:00" level=warning msg="error running query" connectTime="2026-04-20 21:04:56.601999159 -0500 CDT m=+27.262715493" connectionDb=hq connectionID=1194 error="nothing to commit" queryTime="2026-04-20 21:04:56.615052785 -0500 CDT m=+27.275769129"
time="2026-04-20T21:04:56-05:00" level=warning msg="error running query" connectTime="2026-04-20 21:04:56.643553922 -0500 CDT m=+27.304270256" connectionDb=hq connectionID=1204 error="nothing to commit" queryTime="2026-04-20 21:04:56.655466315 -0500 CDT m=+27.316182659"
time="2026-04-20T21:04:56-05:00" level=warning msg="error running query" connectTime="2026-04-20 21:04:55.140270518 -0500 CDT m=+25.800986852" connectionDb=hq connectionID=1036 error="unknown push error; no common ancestor" queryTime="2026-04-20 21:04:56.766998326 -0500 CDT m=+27.427714670"
time="2026-04-20T21:04:56-05:00" level=warning msg="error running query" connectTime="2026-04-20 21:04:56.787195996 -0500 CDT m=+27.447912340" connectionDb=hq connectionID=1218 error="nothing to commit" queryTime="2026-04-20 21:04:56.803877129 -0500 CDT m=+27.464593473"
time="2026-04-20T21:04:57-05:00" level=warning msg="error running query" connectTime="2026-04-20 21:04:57.022219592 -0500 CDT m=+27.682935936" connectionDb=hq connectionID=1248 error="nothing to commit" queryTime="2026-04-20 21:04:57.028275983 -0500 CDT m=+27.688992317"
time="2026-04-20T21:04:57-05:00" level=warning msg="error running query" connectTime="2026-04-20 21:04:55.435871274 -0500 CDT m=+26.096587618" connectionDb=hq connectionID=1080 error="unknown push error; no common ancestor" queryTime="2026-04-20 21:04:57.031652541 -0500 CDT m=+27.692368885"
time="2026-04-20T21:04:57-05:00" level=warning msg="error running query" connectTime="2026-04-20 21:04:57.021983333 -0500 CDT m=+27.682699667" connectionDb=hq connectionID=1247 error="nothing to commit" queryTime="2026-04-20 21:04:57.036586339 -0500 CDT m=+27.697302683"
time="2026-04-20T21:04:57-05:00" level=warning msg="error running query" connectTime="2026-04-20 21:04:55.372170554 -0500 CDT m=+26.032886898" connectionDb=hq connectionID=1076 error="unknown push error; no common ancestor" queryTime="2026-04-20 21:04:57.109263761 -0500 CDT m=+27.769980105"
time="2026-04-20T21:04:57-05:00" level=warning msg="error running query" connectTime="2026-04-20 21:04:57.103304879 -0500 CDT m=+27.764021213" connectionDb=hq connectionID=1257 error="nothing to commit" queryTime="2026-04-20 21:04:57.114477157 -0500 CDT m=+27.775193501"
time="2026-04-20T21:04:57-05:00" level=warning msg="error running query" connectTime="2026-04-20 21:04:57.1419614 -0500 CDT m=+27.802677744" connectionDb=hq connectionID=1261 error="nothing to commit" queryTime="2026-04-20 21:04:57.153547126 -0500 CDT m=+27.814263470"
time="2026-04-20T21:04:57-05:00" level=warning msg="error running query" connectTime="2026-04-20 21:04:55.617829461 -0500 CDT m=+26.278545805" connectionDb=hq connectionID=1099 error="unknown push error; no common ancestor" queryTime="2026-04-20 21:04:57.261394281 -0500 CDT m=+27.922110625"
time="2026-04-20T21:04:57-05:00" level=warning msg="error running query" connectTime="2026-04-20 21:04:55.67225401 -0500 CDT m=+26.332970354" connectionDb=hq connectionID=1103 error="unknown push error; no common ancestor" queryTime="2026-04-20 21:04:57.268210677 -0500 CDT m=+27.928927021"
time="2026-04-20T21:04:57-05:00" level=warning msg="error running query" connectTime="2026-04-20 21:04:55.691474036 -0500 CDT m=+26.352190380" connectionDb=hq connectionID=1110 error="unknown push error; no common ancestor" queryTime="2026-04-20 21:04:57.330011129 -0500 CDT m=+27.990727473"
time="2026-04-20T21:04:57-05:00" level=warning msg="error running query" connectTime="2026-04-20 21:04:57.326030575 -0500 CDT m=+27.986746909" connectionDb=hq connectionID=1276 error="nothing to commit" queryTime="2026-04-20 21:04:57.577070017 -0500 CDT m=+28.237786351"
time="2026-04-20T21:04:57-05:00" level=warning msg="error running query" connectTime="2026-04-20 21:04:57.577074967 -0500 CDT m=+28.237791301" connectionDb=hq connectionID=1289 error="nothing to commit" queryTime="2026-04-20 21:04:57.588213556 -0500 CDT m=+28.248929890"
time="2026-04-20T21:04:57-05:00" level=warning msg="error running query" connectTime="2026-04-20 21:04:56.012442518 -0500 CDT m=+26.673158862" connectionDb=hq connectionID=1130 error="unknown push error; no common ancestor" queryTime="2026-04-20 21:04:57.625564235 -0500 CDT m=+28.286280579"
time="2026-04-20T21:04:57-05:00" level=warning msg="error running query" connectTime="2026-04-20 21:04:57.651634207 -0500 CDT m=+28.312350541" connectionDb=hq connectionID=1299 error="nothing to commit" queryTime="2026-04-20 21:04:57.677700569 -0500 CDT m=+28.338416913"
time="2026-04-20T21:04:57-05:00" level=warning msg="error running query" connectTime="2026-04-20 21:04:56.114687859 -0500 CDT m=+26.775404203" connectionDb=hq connectionID=1140 error="unknown push error; no common ancestor" queryTime="2026-04-20 21:04:57.721202759 -0500 CDT m=+28.381919103"
time="2026-04-20T21:04:57-05:00" level=warning msg="error running query" connectTime="2026-04-20 21:04:57.7784796 -0500 CDT m=+28.439195944" connectionDb=hq connectionID=1310 error="nothing to commit" queryTime="2026-04-20 21:04:57.785813342 -0500 CDT m=+28.446529686"
time="2026-04-20T21:04:57-05:00" level=warning msg="error running query" connectTime="2026-04-20 21:04:56.165254663 -0500 CDT m=+26.825971007" connectionDb=hq connectionID=1147 error="unknown push error; no common ancestor" queryTime="2026-04-20 21:04:57.802875842 -0500 CDT m=+28.463592176"
time="2026-04-20T21:04:57-05:00" level=warning msg="error running query" connectTime="2026-04-20 21:04:56.228805964 -0500 CDT m=+26.889522308" connectionDb=hq connectionID=1154 error="unknown push error; no common ancestor" queryTime="2026-04-20 21:04:57.808341317 -0500 CDT m=+28.469057661"
time="2026-04-20T21:04:57-05:00" level=warning msg="error running query" connectTime="2026-04-20 21:04:57.794562166 -0500 CDT m=+28.455278500" connectionDb=hq connectionID=1313 error="nothing to commit" queryTime="2026-04-20 21:04:57.833415136 -0500 CDT m=+28.494131490"
time="2026-04-20T21:04:57-05:00" level=warning msg="error running query" connectTime="2026-04-20 21:04:55.841581949 -0500 CDT m=+26.502298293" connectionDb=veloxide connectionID=1126 error="To https://doltremoteapi.dolthub.com/priorlewis43/veloxide-database\n ! [rejected]            main -> main (non-fast-forward)\nerror: failed to push some refs to 'https://doltremoteapi.dolthub.com/priorlewis43/veloxide-database'\nhint: Updates were rejected because the tip of your current branch is behind\nhint: its remote counterpart. Integrate the remote changes (e.g.\nhint: 'dolt pull ...') before pushing again.\n" queryTime="2026-04-20 21:04:57.917610453 -0500 CDT m=+28.578326787"
time="2026-04-20T21:04:58-05:00" level=warning msg="error running query" connectTime="2026-04-20 21:04:56.430277956 -0500 CDT m=+27.090994290" connectionDb=hq connectionID=1178 error="unknown push error; no common ancestor" queryTime="2026-04-20 21:04:58.17735797 -0500 CDT m=+28.838074304"
time="2026-04-20T21:04:58-05:00" level=warning msg="error running query" connectTime="2026-04-20 21:04:57.924020602 -0500 CDT m=+28.584736946" connectionDb=hq connectionID=1322 error="nothing to commit" queryTime="2026-04-20 21:04:58.265786061 -0500 CDT m=+28.926502405"
time="2026-04-20T21:04:58-05:00" level=warning msg="error running query" connectTime="2026-04-20 21:04:56.791512668 -0500 CDT m=+27.452229002" connectionDb=hq connectionID=1219 error="unknown push error; no common ancestor" queryTime="2026-04-20 21:04:58.465350095 -0500 CDT m=+29.126066439"
time="2026-04-20T21:04:58-05:00" level=warning msg="error running query" connectTime="2026-04-20 21:04:56.612194504 -0500 CDT m=+27.272910848" connectionDb=hq connectionID=1195 error="unknown push error; no common ancestor" queryTime="2026-04-20 21:04:58.510257406 -0500 CDT m=+29.170973740"
time="2026-04-20T21:04:58-05:00" level=warning msg="error running query" connectTime="2026-04-20 21:04:56.783393391 -0500 CDT m=+27.444109745" connectionDb=hq connectionID=1215 error="unknown push error; no common ancestor" queryTime="2026-04-20 21:04:58.527216166 -0500 CDT m=+29.187932510"
time="2026-04-20T21:04:58-05:00" level=warning msg="error running query" connectTime="2026-04-20 21:04:56.645559719 -0500 CDT m=+27.306276063" connectionDb=hq connectionID=1205 error="unknown push error; no common ancestor" queryTime="2026-04-20 21:04:58.5484003 -0500 CDT m=+29.209116634"
time="2026-04-20T21:04:58-05:00" level=warning msg="error running query" connectTime="2026-04-20 21:04:56.958961369 -0500 CDT m=+27.619677713" connectionDb=hq connectionID=1238 error="unknown push error; no common ancestor" queryTime="2026-04-20 21:04:58.617658734 -0500 CDT m=+29.278375068"
time="2026-04-20T21:04:58-05:00" level=warning msg="error running query" connectTime="2026-04-20 21:04:56.979971594 -0500 CDT m=+27.640687938" connectionDb=hq connectionID=1239 error="unknown push error; no common ancestor" queryTime="2026-04-20 21:04:58.654389217 -0500 CDT m=+29.315105561"
time="2026-04-20T21:04:58-05:00" level=warning msg="error running query" connectTime="2026-04-20 21:04:57.109035343 -0500 CDT m=+27.769751687" connectionDb=hq connectionID=1258 error="unknown push error; no common ancestor" queryTime="2026-04-20 21:04:58.843775107 -0500 CDT m=+29.504491441"
time="2026-04-20T21:04:58-05:00" level=warning msg="error running query" connectTime="2026-04-20 21:04:58.687137986 -0500 CDT m=+29.347854330" connectionDb=hq connectionID=1338 error="nothing to commit" queryTime="2026-04-20 21:04:58.871923986 -0500 CDT m=+29.532640330"
time="2026-04-20T21:04:58-05:00" level=warning msg="error running query" connectTime="2026-04-20 21:04:58.909270495 -0500 CDT m=+29.569986839" connectionDb=hq connectionID=1348 error="nothing to commit" queryTime="2026-04-20 21:04:58.945892819 -0500 CDT m=+29.606609163"
time="2026-04-20T21:04:59-05:00" level=warning msg="error running query" connectTime="2026-04-20 21:04:57.451253558 -0500 CDT m=+28.111969902" connectionDb=hq connectionID=1287 error="unknown push error; no common ancestor" queryTime="2026-04-20 21:04:59.198135985 -0500 CDT m=+29.858852329"
time="2026-04-20T21:04:59-05:00" level=warning msg="error running query" connectTime="2026-04-20 21:04:57.448324687 -0500 CDT m=+28.109041031" connectionDb=hq connectionID=1286 error="unknown push error; no common ancestor" queryTime="2026-04-20 21:04:59.269471175 -0500 CDT m=+29.930187519"
time="2026-04-20T21:04:59-05:00" level=warning msg="error running query" connectTime="2026-04-20 21:04:57.475166854 -0500 CDT m=+28.135883198" connectionDb=hq connectionID=1288 error="unknown push error; no common ancestor" queryTime="2026-04-20 21:04:59.323430698 -0500 CDT m=+29.984147042"
time="2026-04-20T21:04:59-05:00" level=warning msg="error running query" connectTime="2026-04-20 21:04:57.345492439 -0500 CDT m=+28.006208783" connectionDb=hq connectionID=1277 error="unknown push error; no common ancestor" queryTime="2026-04-20 21:04:59.327048034 -0500 CDT m=+29.987764368"
time="2026-04-20T21:05:00-05:00" level=warning msg="error running query" connectTime="2026-04-20 21:04:58.276006755 -0500 CDT m=+28.936723099" connectionDb=hq connectionID=1328 error="unknown push error; no common ancestor" queryTime="2026-04-20 21:05:00.040527389 -0500 CDT m=+30.701243733"
time="2026-04-20T21:05:00-05:00" level=warning msg="error running query" connectTime="2026-04-20 21:04:58.026593771 -0500 CDT m=+28.687310115" connectionDb=hq connectionID=1323 error="unknown push error; no common ancestor" queryTime="2026-04-20 21:05:00.062640336 -0500 CDT m=+30.723356670"
time="2026-04-20T21:05:00-05:00" level=warning msg="error running query" connectTime="2026-04-20 21:04:58.266863734 -0500 CDT m=+28.927580078" connectionDb=hq connectionID=1326 error="unknown push error; no common ancestor" queryTime="2026-04-20 21:05:00.068681198 -0500 CDT m=+30.729397542"
time="2026-04-20T21:05:00-05:00" level=warning msg="error running query" connectTime="2026-04-20 21:04:58.553507977 -0500 CDT m=+29.214224311" connectionDb=hq connectionID=1332 error="unknown push error; no common ancestor" queryTime="2026-04-20 21:05:00.33695995 -0500 CDT m=+30.997676314"
time="2026-04-20T21:05:00-05:00" level=warning msg="error running query" connectTime="2026-04-20 21:04:59.773531369 -0500 CDT m=+30.434247703" connectionDb=hq connectionID=1397 error="nothing to commit" queryTime="2026-04-20 21:05:00.545112949 -0500 CDT m=+31.205829293"
time="2026-04-20T21:05:00-05:00" level=warning msg="error running query" connectTime="2026-04-20 21:05:00.227966182 -0500 CDT m=+30.888682516" connectionDb=veloxide connectionID=1416 error="nothing to commit" queryTime="2026-04-20 21:05:00.562442048 -0500 CDT m=+31.223158382"
time="2026-04-20T21:05:00-05:00" level=warning msg="error running query" connectTime="2026-04-20 21:05:00.193479764 -0500 CDT m=+30.854196098" connectionDb=hq connectionID=1405 error="nothing to commit" queryTime="2026-04-20 21:05:00.562566537 -0500 CDT m=+31.223282881"
time="2026-04-20T21:05:00-05:00" level=warning msg="error running query" connectTime="2026-04-20 21:05:00.191480767 -0500 CDT m=+30.852197111" connectionDb=hq connectionID=1404 error="nothing to commit" queryTime="2026-04-20 21:05:00.562925575 -0500 CDT m=+31.223641919"
time="2026-04-20T21:05:00-05:00" level=warning msg="error running query" connectTime="2026-04-20 21:05:00.657491586 -0500 CDT m=+31.318207930" connectionDb=hq connectionID=1422 error="nothing to commit" queryTime="2026-04-20 21:05:00.665165796 -0500 CDT m=+31.325882140"
time="2026-04-20T21:05:00-05:00" level=warning msg="error running query" connectTime="2026-04-20 21:05:00.723094403 -0500 CDT m=+31.383810737" connectionDb=hq connectionID=1428 error="nothing to commit" queryTime="2026-04-20 21:05:00.736853495 -0500 CDT m=+31.397569839"
time="2026-04-20T21:05:00-05:00" level=warning msg="error running query" connectTime="2026-04-20 21:05:00.736953334 -0500 CDT m=+31.397669678" connectionDb=hq connectionID=1431 error="nothing to commit" queryTime="2026-04-20 21:05:00.75157784 -0500 CDT m=+31.412294174"
time="2026-04-20T21:05:00-05:00" level=warning msg="error running query" connectTime="2026-04-20 21:05:00.227966182 -0500 CDT m=+30.888682516" connectionDb=veloxide connectionID=1416 error="nothing to commit" queryTime="2026-04-20 21:05:00.9549896 -0500 CDT m=+31.615705944"
time="2026-04-20T21:05:01-05:00" level=warning msg="error running query" connectTime="2026-04-20 21:05:01.049076504 -0500 CDT m=+31.709792838" connectionDb=hq connectionID=1448 error="nothing to commit" queryTime="2026-04-20 21:05:01.059214739 -0500 CDT m=+31.719931073"
time="2026-04-20T21:05:01-05:00" level=warning msg="error running query" connectTime="2026-04-20 21:05:01.20187275 -0500 CDT m=+31.862589084" connectionDb=hq connectionID=1452 error="nothing to commit" queryTime="2026-04-20 21:05:01.213578545 -0500 CDT m=+31.874294889"
time="2026-04-20T21:05:01-05:00" level=warning msg="error running query" connectTime="2026-04-20 21:05:01.380725258 -0500 CDT m=+32.041441602" connectionDb=veloxide connectionID=1465 error="nothing to commit" queryTime="2026-04-20 21:05:01.413858585 -0500 CDT m=+32.074574919"
time="2026-04-20T21:05:01-05:00" level=warning msg="error running query" connectTime="2026-04-20 21:04:59.475461759 -0500 CDT m=+30.136178103" connectionDb=hq connectionID=1376 error="unknown push error; no common ancestor" queryTime="2026-04-20 21:05:01.487862518 -0500 CDT m=+32.148578862"
time="2026-04-20T21:05:01-05:00" level=warning msg="error running query" connectTime="2026-04-20 21:05:01.380725258 -0500 CDT m=+32.041441602" connectionDb=veloxide connectionID=1465 error="nothing to commit" queryTime="2026-04-20 21:05:01.79822706 -0500 CDT m=+32.458943394"
time="2026-04-20T21:05:01-05:00" level=warning msg="error running query" connectTime="2026-04-20 21:04:59.592345246 -0500 CDT m=+30.253061580" connectionDb=hq connectionID=1383 error="unknown push error; no common ancestor" queryTime="2026-04-20 21:05:01.832283671 -0500 CDT m=+32.493000025"
time="2026-04-20T21:05:01-05:00" level=warning msg="error running query" connectTime="2026-04-20 21:05:01.876703335 -0500 CDT m=+32.537419679" connectionDb=hq connectionID=1496 error="nothing to commit" queryTime="2026-04-20 21:05:01.884858472 -0500 CDT m=+32.545574816"
time="2026-04-20T21:05:01-05:00" level=warning msg="error running query" connectTime="2026-04-20 21:05:01.903700721 -0500 CDT m=+32.564417065" connectionDb=veloxide connectionID=1502 error="nothing to commit" queryTime="2026-04-20 21:05:01.910392058 -0500 CDT m=+32.571108412"
time="2026-04-20T21:05:02-05:00" level=warning msg="error running query" connectTime="2026-04-20 21:05:01.903700721 -0500 CDT m=+32.564417065" connectionDb=veloxide connectionID=1502 error="nothing to commit" queryTime="2026-04-20 21:05:02.115853725 -0500 CDT m=+32.776570059"
time="2026-04-20T21:05:02-05:00" level=warning msg="error running query" connectTime="2026-04-20 21:05:02.28432978 -0500 CDT m=+32.945046124" connectionDb=hq connectionID=1549 error="nothing to commit" queryTime="2026-04-20 21:05:02.29211609 -0500 CDT m=+32.952832434"
time="2026-04-20T21:05:02-05:00" level=warning msg="error running query" connectTime="2026-04-20 21:05:00.794529523 -0500 CDT m=+31.455245857" connectionDb=hq connectionID=1435 error="unknown push error; no common ancestor" queryTime="2026-04-20 21:05:02.403417363 -0500 CDT m=+33.064133707"
time="2026-04-20T21:05:02-05:00" level=warning msg="error running query" connectTime="2026-04-20 21:05:00.809538656 -0500 CDT m=+31.470255000" connectionDb=hq connectionID=1438 error="unknown push error; no common ancestor" queryTime="2026-04-20 21:05:02.431267044 -0500 CDT m=+33.091983378"
time="2026-04-20T21:05:02-05:00" level=warning msg="error running query" connectTime="2026-04-20 21:05:02.6026799 -0500 CDT m=+33.263396394" connectionDb=hq connectionID=1578 error="nothing to commit" queryTime="2026-04-20 21:05:02.609081119 -0500 CDT m=+33.269797463"
time="2026-04-20T21:05:02-05:00" level=warning msg="error running query" connectTime="2026-04-20 21:05:02.684973791 -0500 CDT m=+33.345690125" connectionDb=hq connectionID=1593 error="nothing to commit" queryTime="2026-04-20 21:05:02.691511059 -0500 CDT m=+33.352227403"
time="2026-04-20T21:05:02-05:00" level=warning msg="error running query" connectTime="2026-04-20 21:05:01.107994174 -0500 CDT m=+31.768710518" connectionDb=hq connectionID=1449 error="unknown push error; no common ancestor" queryTime="2026-04-20 21:05:02.735588345 -0500 CDT m=+33.396304679"
time="2026-04-20T21:05:02-05:00" level=warning msg="error running query" connectTime="2026-04-20 21:05:02.912106938 -0500 CDT m=+33.572823282" connectionDb=hq connectionID=1620 error="nothing to commit" queryTime="2026-04-20 21:05:02.918390498 -0500 CDT m=+33.579106842"
time="2026-04-20T21:05:02-05:00" level=warning msg="error running query" connectTime="2026-04-20 21:05:01.2593217 -0500 CDT m=+31.920038044" connectionDb=hq connectionID=1453 error="unknown push error; no common ancestor" queryTime="2026-04-20 21:05:02.993805762 -0500 CDT m=+33.654522106"
time="2026-04-20T21:05:03-05:00" level=warning msg="error running query" connectTime="2026-04-20 21:05:01.343703387 -0500 CDT m=+32.004419721" connectionDb=hq connectionID=1462 error="unknown push error; no common ancestor" queryTime="2026-04-20 21:05:03.07330005 -0500 CDT m=+33.734016404"
time="2026-04-20T21:05:03-05:00" level=warning msg="error running query" connectTime="2026-04-20 21:05:01.323705416 -0500 CDT m=+31.984421760" connectionDb=hq connectionID=1461 error="unknown push error; no common ancestor" queryTime="2026-04-20 21:05:03.076036973 -0500 CDT m=+33.736753307"
time="2026-04-20T21:05:03-05:00" level=warning msg="error running query" connectTime="2026-04-20 21:05:01.281999724 -0500 CDT m=+31.942716058" connectionDb=hq connectionID=1454 error="unknown push error; no common ancestor" queryTime="2026-04-20 21:05:03.081347229 -0500 CDT m=+33.742063573"
time="2026-04-20T21:05:03-05:00" level=warning msg="error running query" connectTime="2026-04-20 21:05:03.08736063 -0500 CDT m=+33.748076974" connectionDb=hq connectionID=1640 error="nothing to commit" queryTime="2026-04-20 21:05:03.09515759 -0500 CDT m=+33.755873934"
time="2026-04-20T21:05:03-05:00" level=warning msg="error running query" connectTime="2026-04-20 21:05:01.51100556 -0500 CDT m=+32.171721904" connectionDb=hq connectionID=1470 error="unknown push error; no common ancestor" queryTime="2026-04-20 21:05:03.136917671 -0500 CDT m=+33.797634025"
time="2026-04-20T21:05:03-05:00" level=warning msg="error running query" connectTime="2026-04-20 21:05:03.167756822 -0500 CDT m=+33.828473156" connectionDb=hq connectionID=1654 error="nothing to commit" queryTime="2026-04-20 21:05:03.175162255 -0500 CDT m=+33.835878599"
time="2026-04-20T21:05:03-05:00" level=warning msg="error running query" connectTime="2026-04-20 21:05:03.242362112 -0500 CDT m=+33.903078446" connectionDb=hq connectionID=1665 error="nothing to commit" queryTime="2026-04-20 21:05:03.249014319 -0500 CDT m=+33.909730653"
time="2026-04-20T21:05:03-05:00" level=warning msg="error running query" connectTime="2026-04-20 21:05:01.692496821 -0500 CDT m=+32.353213165" connectionDb=hq connectionID=1483 error="unknown push error; no common ancestor" queryTime="2026-04-20 21:05:03.275921776 -0500 CDT m=+33.936638110"
time="2026-04-20T21:05:03-05:00" level=warning msg="error running query" connectTime="2026-04-20 21:05:03.318690311 -0500 CDT m=+33.979406655" connectionDb=hq connectionID=1677 error="nothing to commit" queryTime="2026-04-20 21:05:03.326432031 -0500 CDT m=+33.987148375"
time="2026-04-20T21:05:03-05:00" level=warning msg="error running query" connectTime="2026-04-20 21:05:03.326686009 -0500 CDT m=+33.987402353" connectionDb=hq connectionID=1680 error="nothing to commit" queryTime="2026-04-20 21:05:03.333068168 -0500 CDT m=+33.993784512"
time="2026-04-20T21:05:03-05:00" level=warning msg="error running query" connectTime="2026-04-20 21:05:01.805023576 -0500 CDT m=+32.465739920" connectionDb=hq connectionID=1487 error="unknown push error; no common ancestor" queryTime="2026-04-20 21:05:03.417120287 -0500 CDT m=+34.077836621"
time="2026-04-20T21:05:03-05:00" level=warning msg="error running query" connectTime="2026-04-20 21:05:03.450229054 -0500 CDT m=+34.110945398" connectionDb=hq connectionID=1687 error="nothing to commit" queryTime="2026-04-20 21:05:03.455617229 -0500 CDT m=+34.116333573"
time="2026-04-20T21:05:03-05:00" level=warning msg="error running query" connectTime="2026-04-20 21:05:01.397916188 -0500 CDT m=+32.058632522" connectionDb=veloxide connectionID=1468 error="To https://doltremoteapi.dolthub.com/priorlewis43/veloxide-database\n ! [rejected]            main -> main (non-fast-forward)\nerror: failed to push some refs to 'https://doltremoteapi.dolthub.com/priorlewis43/veloxide-database'\nhint: Updates were rejected because the tip of your current branch is behind\nhint: its remote counterpart. Integrate the remote changes (e.g.\nhint: 'dolt pull ...') before pushing again.\n" queryTime="2026-04-20 21:05:03.593292433 -0500 CDT m=+34.254008767"
time="2026-04-20T21:05:03-05:00" level=warning msg="error running query" connectTime="2026-04-20 21:05:02.200698828 -0500 CDT m=+32.861415172" connectionDb=hq connectionID=1534 error="unknown push error; no common ancestor" queryTime="2026-04-20 21:05:03.82669844 -0500 CDT m=+34.487414774"
time="2026-04-20T21:05:04-05:00" level=warning msg="error running query" connectTime="2026-04-20 21:05:01.978642098 -0500 CDT m=+32.639358452" connectionDb=veloxide connectionID=1509 error="To https://doltremoteapi.dolthub.com/priorlewis43/veloxide-database\n ! [rejected]            main -> main (non-fast-forward)\nerror: failed to push some refs to 'https://doltremoteapi.dolthub.com/priorlewis43/veloxide-database'\nhint: Updates were rejected because the tip of your current branch is behind\nhint: its remote counterpart. Integrate the remote changes (e.g.\nhint: 'dolt pull ...') before pushing again.\n" queryTime="2026-04-20 21:05:04.050629629 -0500 CDT m=+34.711345973"
time="2026-04-20T21:05:04-05:00" level=warning msg="error running query" connectTime="2026-04-20 21:05:02.597730942 -0500 CDT m=+33.258447286" connectionDb=hq connectionID=1575 error="unknown push error; no common ancestor" queryTime="2026-04-20 21:05:04.257377738 -0500 CDT m=+34.918094072"
time="2026-04-20T21:05:04-05:00" level=warning msg="error running query" connectTime="2026-04-20 21:05:04.290461315 -0500 CDT m=+34.951177659" connectionDb=hq connectionID=1725 error="nothing to commit" queryTime="2026-04-20 21:05:04.297623709 -0500 CDT m=+34.958340053"
time="2026-04-20T21:05:04-05:00" level=warning msg="error running query" connectTime="2026-04-20 21:05:02.287866597 -0500 CDT m=+32.948582931" connectionDb=veloxide connectionID=1550 error="To https://doltremoteapi.dolthub.com/priorlewis43/veloxide-database\n ! [rejected]            main -> main (non-fast-forward)\nerror: failed to push some refs to 'https://doltremoteapi.dolthub.com/priorlewis43/veloxide-database'\nhint: Updates were rejected because the tip of your current branch is behind\nhint: its remote counterpart. Integrate the remote changes (e.g.\nhint: 'dolt pull ...') before pushing again.\n" queryTime="2026-04-20 21:05:04.385174786 -0500 CDT m=+35.045891130"
time="2026-04-20T21:05:04-05:00" level=warning msg="error running query" connectTime="2026-04-20 21:05:02.918619326 -0500 CDT m=+33.579335670" connectionDb=hq connectionID=1621 error="unknown push error; no common ancestor" queryTime="2026-04-20 21:05:04.614797318 -0500 CDT m=+35.275513662"
time="2026-04-20T21:05:04-05:00" level=warning msg="error running query" connectTime="2026-04-20 21:05:04.661951264 -0500 CDT m=+35.322667608" connectionDb=hq connectionID=1729 error="nothing to commit" queryTime="2026-04-20 21:05:04.66877366 -0500 CDT m=+35.329490004"
time="2026-04-20T21:05:04-05:00" level=warning msg="error running query" connectTime="2026-04-20 21:05:03.238609046 -0500 CDT m=+33.899325390" connectionDb=hq connectionID=1662 error="unknown push error; no common ancestor" queryTime="2026-04-20 21:05:04.855350789 -0500 CDT m=+35.516067123"
time="2026-04-20T21:05:04-05:00" level=warning msg="error running query" connectTime="2026-04-20 21:05:02.997912996 -0500 CDT m=+33.658629330" connectionDb=hq connectionID=1628 error="unknown push error; no common ancestor" queryTime="2026-04-20 21:05:04.857028458 -0500 CDT m=+35.517744802"
time="2026-04-20T21:05:04-05:00" level=warning msg="error running query" connectTime="2026-04-20 21:05:04.893606873 -0500 CDT m=+35.554323207" connectionDb=hq connectionID=1734 error="nothing to commit" queryTime="2026-04-20 21:05:04.90188959 -0500 CDT m=+35.562605924"
time="2026-04-20T21:05:04-05:00" level=warning msg="error running query" connectTime="2026-04-20 21:05:04.893901011 -0500 CDT m=+35.554617355" connectionDb=hq connectionID=1735 error="nothing to commit" queryTime="2026-04-20 21:05:04.907386834 -0500 CDT m=+35.568103178"
time="2026-04-20T21:05:04-05:00" level=warning msg="error running query" connectTime="2026-04-20 21:05:04.980087606 -0500 CDT m=+35.640803950" connectionDb=veloxide connectionID=1739 error="nothing to commit" queryTime="2026-04-20 21:05:04.987499148 -0500 CDT m=+35.648215482"
time="2026-04-20T21:05:05-05:00" level=warning msg="error running query" connectTime="2026-04-20 21:05:04.980087606 -0500 CDT m=+35.640803950" connectionDb=veloxide connectionID=1739 error="nothing to commit" queryTime="2026-04-20 21:05:05.067583703 -0500 CDT m=+35.728300047"
time="2026-04-20T21:05:05-05:00" level=warning msg="error running query" connectTime="2026-04-20 21:05:03.407719168 -0500 CDT m=+34.068435512" connectionDb=hq connectionID=1684 error="unknown push error; no common ancestor" queryTime="2026-04-20 21:05:05.16123538 -0500 CDT m=+35.821951734"
time="2026-04-20T21:05:05-05:00" level=warning msg="error running query" connectTime="2026-04-20 21:05:03.46794462 -0500 CDT m=+34.128661174" connectionDb=hq connectionID=1688 error="unknown push error; no common ancestor" queryTime="2026-04-20 21:05:05.240013033 -0500 CDT m=+35.900729387"
time="2026-04-20T21:05:05-05:00" level=warning msg="error running query" connectTime="2026-04-20 21:05:03.543577533 -0500 CDT m=+34.204293867" connectionDb=hq connectionID=1692 error="unknown push error; no common ancestor" queryTime="2026-04-20 21:05:05.259508808 -0500 CDT m=+35.920225142"
time="2026-04-20T21:05:05-05:00" level=warning msg="error running query" connectTime="2026-04-20 21:05:03.627310654 -0500 CDT m=+34.288026998" connectionDb=hq connectionID=1696 error="unknown push error; no common ancestor" queryTime="2026-04-20 21:05:05.342411804 -0500 CDT m=+36.003128148"
time="2026-04-20T21:05:05-05:00" level=warning msg="error running query" connectTime="2026-04-20 21:05:03.636984182 -0500 CDT m=+34.297700526" connectionDb=hq connectionID=1697 error="unknown push error; no common ancestor" queryTime="2026-04-20 21:05:05.343519297 -0500 CDT m=+36.004235641"
time="2026-04-20T21:05:05-05:00" level=warning msg="error running query" connectTime="2026-04-20 21:05:05.241875451 -0500 CDT m=+35.902591785" connectionDb=hq connectionID=1750 error="nothing to commit" queryTime="2026-04-20 21:05:05.407593615 -0500 CDT m=+36.068309969"
time="2026-04-20T21:05:05-05:00" level=warning msg="error running query" connectTime="2026-04-20 21:05:05.407904543 -0500 CDT m=+36.068620887" connectionDb=hq connectionID=1757 error="nothing to commit" queryTime="2026-04-20 21:05:05.413767625 -0500 CDT m=+36.074483959"
time="2026-04-20T21:05:05-05:00" level=warning msg="error running query" connectTime="2026-04-20 21:05:03.761631719 -0500 CDT m=+34.422348053" connectionDb=hq connectionID=1704 error="unknown push error; no common ancestor" queryTime="2026-04-20 21:05:05.447263489 -0500 CDT m=+36.107979823"
time="2026-04-20T21:05:05-05:00" level=warning msg="error running query" connectTime="2026-04-20 21:05:05.454151275 -0500 CDT m=+36.114867619" connectionDb=hq connectionID=1765 error="nothing to commit" queryTime="2026-04-20 21:05:05.460043397 -0500 CDT m=+36.120759751"
time="2026-04-20T21:05:05-05:00" level=warning msg="error running query" connectTime="2026-04-20 21:05:05.453216051 -0500 CDT m=+36.113932385" connectionDb=hq connectionID=1764 error="nothing to commit" queryTime="2026-04-20 21:05:05.462568421 -0500 CDT m=+36.123284765"
time="2026-04-20T21:05:05-05:00" level=warning msg="error running query" connectTime="2026-04-20 21:05:05.57452579 -0500 CDT m=+36.235242124" connectionDb=veloxide connectionID=1768 error="nothing to commit" queryTime="2026-04-20 21:05:05.581434686 -0500 CDT m=+36.242151030"
time="2026-04-20T21:05:05-05:00" level=warning msg="error running query" connectTime="2026-04-20 21:05:05.57452579 -0500 CDT m=+36.235242124" connectionDb=veloxide connectionID=1768 error="nothing to commit" queryTime="2026-04-20 21:05:05.787615529 -0500 CDT m=+36.448331873"
time="2026-04-20T21:05:06-05:00" level=warning msg="error running query" connectTime="2026-04-20 21:05:04.610486955 -0500 CDT m=+35.271203299" connectionDb=hq connectionID=1726 error="unknown push error; no common ancestor" queryTime="2026-04-20 21:05:06.248283664 -0500 CDT m=+36.909000018"
time="2026-04-20T21:05:06-05:00" level=warning msg="error running query" connectTime="2026-04-20 21:05:04.965792228 -0500 CDT m=+35.626508562" connectionDb=hq connectionID=1736 error="unknown push error; no common ancestor" queryTime="2026-04-20 21:05:06.67168843 -0500 CDT m=+37.332404774"
time="2026-04-20T21:05:06-05:00" level=warning msg="error running query" connectTime="2026-04-20 21:05:05.2156014 -0500 CDT m=+35.876317744" connectionDb=hq connectionID=1747 error="unknown push error; no common ancestor" queryTime="2026-04-20 21:05:06.817016975 -0500 CDT m=+37.477733319"
time="2026-04-20T21:05:06-05:00" level=warning msg="error running query" connectTime="2026-04-20 21:05:05.210260545 -0500 CDT m=+35.870976889" connectionDb=hq connectionID=1746 error="unknown push error; no common ancestor" queryTime="2026-04-20 21:05:06.910634542 -0500 CDT m=+37.571350886"
time="2026-04-20T21:05:06-05:00" level=warning msg="error running query" connectTime="2026-04-20 21:05:06.910709042 -0500 CDT m=+37.571425376" connectionDb=hq connectionID=1806 error="nothing to commit" queryTime="2026-04-20 21:05:06.916500654 -0500 CDT m=+37.577216998"
time="2026-04-20T21:05:07-05:00" level=warning msg="error running query" connectTime="2026-04-20 21:05:07.144664466 -0500 CDT m=+37.805380800" connectionDb=veloxide connectionID=1821 error="nothing to commit" queryTime="2026-04-20 21:05:07.151501182 -0500 CDT m=+37.812217526"
time="2026-04-20T21:05:07-05:00" level=warning msg="error running query" connectTime="2026-04-20 21:05:07.2824079 -0500 CDT m=+37.943124244" connectionDb=veloxide connectionID=1834 error="nothing to commit" queryTime="2026-04-20 21:05:07.291325123 -0500 CDT m=+37.952041477"
time="2026-04-20T21:05:07-05:00" level=warning msg="error running query" connectTime="2026-04-20 21:05:07.144664466 -0500 CDT m=+37.805380800" connectionDb=veloxide connectionID=1821 error="nothing to commit" queryTime="2026-04-20 21:05:07.349705957 -0500 CDT m=+38.010422291"
time="2026-04-20T21:05:07-05:00" level=warning msg="error running query" connectTime="2026-04-20 21:05:05.739071831 -0500 CDT m=+36.399788165" connectionDb=hq connectionID=1771 error="unknown push error; no common ancestor" queryTime="2026-04-20 21:05:07.367585022 -0500 CDT m=+38.028301366"
time="2026-04-20T21:05:07-05:00" level=warning msg="error running query" connectTime="2026-04-20 21:05:05.710306427 -0500 CDT m=+36.371022761" connectionDb=hq connectionID=1769 error="unknown push error; no common ancestor" queryTime="2026-04-20 21:05:07.424983872 -0500 CDT m=+38.085700216"
time="2026-04-20T21:05:07-05:00" level=warning msg="error running query" connectTime="2026-04-20 21:05:05.715073466 -0500 CDT m=+36.375789800" connectionDb=hq connectionID=1770 error="unknown push error; no common ancestor" queryTime="2026-04-20 21:05:07.430566007 -0500 CDT m=+38.091282351"
time="2026-04-20T21:05:07-05:00" level=warning msg="error running query" connectTime="2026-04-20 21:05:07.425475679 -0500 CDT m=+38.086192013" connectionDb=hq connectionID=1852 error="nothing to commit" queryTime="2026-04-20 21:05:07.432850702 -0500 CDT m=+38.093567046"
time="2026-04-20T21:05:07-05:00" level=warning msg="error running query" connectTime="2026-04-20 21:05:07.44398392 -0500 CDT m=+38.104700264" connectionDb=hq connectionID=1855 error="nothing to commit" queryTime="2026-04-20 21:05:07.452920913 -0500 CDT m=+38.113637267"
time="2026-04-20T21:05:07-05:00" level=warning msg="error running query" connectTime="2026-04-20 21:05:05.755234507 -0500 CDT m=+36.415950851" connectionDb=hq connectionID=1772 error="unknown push error; no common ancestor" queryTime="2026-04-20 21:05:07.471346564 -0500 CDT m=+38.132062918"
time="2026-04-20T21:05:07-05:00" level=warning msg="error running query" connectTime="2026-04-20 21:05:07.467970666 -0500 CDT m=+38.128687010" connectionDb=hq connectionID=1864 error="nothing to commit" queryTime="2026-04-20 21:05:07.476054054 -0500 CDT m=+38.136770408"
time="2026-04-20T21:05:07-05:00" level=warning msg="error running query" connectTime="2026-04-20 21:05:07.2824079 -0500 CDT m=+37.943124244" connectionDb=veloxide connectionID=1834 error="nothing to commit" queryTime="2026-04-20 21:05:07.503302559 -0500 CDT m=+38.164018903"
time="2026-04-20T21:05:07-05:00" level=warning msg="error running query" connectTime="2026-04-20 21:05:07.523498059 -0500 CDT m=+38.184214403" connectionDb=hq connectionID=1871 error="nothing to commit" queryTime="2026-04-20 21:05:07.534903435 -0500 CDT m=+38.195619769"
time="2026-04-20T21:05:07-05:00" level=warning msg="error running query" connectTime="2026-04-20 21:05:07.561475374 -0500 CDT m=+38.222191718" connectionDb=hq connectionID=1879 error="nothing to commit" queryTime="2026-04-20 21:05:07.567082998 -0500 CDT m=+38.227799332"
time="2026-04-20T21:05:07-05:00" level=warning msg="error running query" connectTime="2026-04-20 21:05:07.871624079 -0500 CDT m=+38.532340433" connectionDb=hq connectionID=1919 error="nothing to commit" queryTime="2026-04-20 21:05:07.878834062 -0500 CDT m=+38.539550396"
time="2026-04-20T21:05:08-05:00" level=warning msg="error running query" connectTime="2026-04-20 21:05:05.952635467 -0500 CDT m=+36.613351811" connectionDb=veloxide connectionID=1773 error="To https://doltremoteapi.dolthub.com/priorlewis43/veloxide-database\n ! [rejected]            main -> main (non-fast-forward)\nerror: failed to push some refs to 'https://doltremoteapi.dolthub.com/priorlewis43/veloxide-database'\nhint: Updates were rejected because the tip of your current branch is behind\nhint: its remote counterpart. Integrate the remote changes (e.g.\nhint: 'dolt pull ...') before pushing again.\n" queryTime="2026-04-20 21:05:08.045585899 -0500 CDT m=+38.706302253"
time="2026-04-20T21:05:08-05:00" level=warning msg="error running query" connectTime="2026-04-20 21:05:08.104139763 -0500 CDT m=+38.764856107" connectionDb=veloxide connectionID=1940 error="nothing to commit" queryTime="2026-04-20 21:05:08.112493769 -0500 CDT m=+38.773210113"
time="2026-04-20T21:05:08-05:00" level=warning msg="error running query" connectTime="2026-04-20 21:05:08.11241539 -0500 CDT m=+38.773132034" connectionDb=hq connectionID=1943 error="nothing to commit" queryTime="2026-04-20 21:05:08.118802778 -0500 CDT m=+38.779519112"
time="2026-04-20T21:05:08-05:00" level=warning msg="error running query" connectTime="2026-04-20 21:05:08.104139763 -0500 CDT m=+38.764856107" connectionDb=veloxide connectionID=1940 error="nothing to commit" queryTime="2026-04-20 21:05:08.31596266 -0500 CDT m=+38.976679004"
time="2026-04-20T21:05:08-05:00" level=warning msg="error running query" connectTime="2026-04-20 21:05:07.212124892 -0500 CDT m=+37.872841236" connectionDb=hq connectionID=1825 error="unknown push error; no common ancestor" queryTime="2026-04-20 21:05:08.890662233 -0500 CDT m=+39.551378567"
time="2026-04-20T21:05:08-05:00" level=warning msg="error running query" connectTime="2026-04-20 21:05:08.921120767 -0500 CDT m=+39.581837111" connectionDb=hq connectionID=1952 error="nothing to commit" queryTime="2026-04-20 21:05:08.927926523 -0500 CDT m=+39.588642857"
time="2026-04-20T21:05:09-05:00" level=warning msg="error running query" connectTime="2026-04-20 21:05:07.739578898 -0500 CDT m=+38.400295242" connectionDb=hq connectionID=1894 error="unknown push error; no common ancestor" queryTime="2026-04-20 21:05:09.373588796 -0500 CDT m=+40.034305130"
time="2026-04-20T21:05:09-05:00" level=warning msg="error running query" connectTime="2026-04-20 21:05:07.740203044 -0500 CDT m=+38.400919378" connectionDb=hq connectionID=1895 error="unknown push error; no common ancestor" queryTime="2026-04-20 21:05:09.412594225 -0500 CDT m=+40.073310569"
time="2026-04-20T21:05:09-05:00" level=warning msg="error running query" connectTime="2026-04-20 21:05:09.448480874 -0500 CDT m=+40.109197208" connectionDb=hq connectionID=1959 error="nothing to commit" queryTime="2026-04-20 21:05:09.454678564 -0500 CDT m=+40.115394898"
time="2026-04-20T21:05:09-05:00" level=warning msg="error running query" connectTime="2026-04-20 21:05:09.449870715 -0500 CDT m=+40.110587059" connectionDb=hq connectionID=1962 error="nothing to commit" queryTime="2026-04-20 21:05:09.457673625 -0500 CDT m=+40.118389959"
time="2026-04-20T21:05:09-05:00" level=warning msg="error running query" connectTime="2026-04-20 21:05:07.793353832 -0500 CDT m=+38.454070176" connectionDb=hq connectionID=1902 error="unknown push error; no common ancestor" queryTime="2026-04-20 21:05:09.464834189 -0500 CDT m=+40.125550533"
time="2026-04-20T21:05:09-05:00" level=warning msg="error running query" connectTime="2026-04-20 21:05:07.834660787 -0500 CDT m=+38.495377281" connectionDb=hq connectionID=1912 error="unknown push error; no common ancestor" queryTime="2026-04-20 21:05:09.47099227 -0500 CDT m=+40.131708604"
time="2026-04-20T21:05:09-05:00" level=warning msg="error running query" connectTime="2026-04-20 21:05:07.868727337 -0500 CDT m=+38.529443671" connectionDb=hq connectionID=1916 error="unknown push error; no common ancestor" queryTime="2026-04-20 21:05:09.48019203 -0500 CDT m=+40.140908374"
time="2026-04-20T21:05:09-05:00" level=warning msg="error running query" connectTime="2026-04-20 21:05:09.502612076 -0500 CDT m=+40.163328420" connectionDb=hq connectionID=1965 error="nothing to commit" queryTime="2026-04-20 21:05:09.512009096 -0500 CDT m=+40.172725440"
time="2026-04-20T21:05:09-05:00" level=warning msg="error running query" connectTime="2026-04-20 21:05:09.574445464 -0500 CDT m=+40.235161808" connectionDb=veloxide connectionID=1974 error="nothing to commit" queryTime="2026-04-20 21:05:09.582181964 -0500 CDT m=+40.242898298"
time="2026-04-20T21:05:09-05:00" level=warning msg="error running query" connectTime="2026-04-20 21:05:07.508349026 -0500 CDT m=+38.169065360" connectionDb=veloxide connectionID=1865 error="To https://doltremoteapi.dolthub.com/priorlewis43/veloxide-database\n ! [rejected]            main -> main (non-fast-forward)\nerror: failed to push some refs to 'https://doltremoteapi.dolthub.com/priorlewis43/veloxide-database'\nhint: Updates were rejected because the tip of your current branch is behind\nhint: its remote counterpart. Integrate the remote changes (e.g.\nhint: 'dolt pull ...') before pushing again.\n" queryTime="2026-04-20 21:05:09.600437157 -0500 CDT m=+40.261153511"
time="2026-04-20T21:05:09-05:00" level=warning msg="error running query" connectTime="2026-04-20 21:05:09.5936775 -0500 CDT m=+40.254393844" connectionDb=hq connectionID=1980 error="nothing to commit" queryTime="2026-04-20 21:05:09.608780213 -0500 CDT m=+40.269496557"
time="2026-04-20T21:05:09-05:00" level=warning msg="error running query" connectTime="2026-04-20 21:05:09.592980445 -0500 CDT m=+40.253696779" connectionDb=hq connectionID=1979 error="nothing to commit" queryTime="2026-04-20 21:05:09.611844393 -0500 CDT m=+40.272560727"
time="2026-04-20T21:05:09-05:00" level=warning msg="error running query" connectTime="2026-04-20 21:05:07.674358778 -0500 CDT m=+38.335075192" connectionDb=veloxide connectionID=1890 error="To https://doltremoteapi.dolthub.com/priorlewis43/veloxide-database\n ! [rejected]            main -> main (non-fast-forward)\nerror: failed to push some refs to 'https://doltremoteapi.dolthub.com/priorlewis43/veloxide-database'\nhint: Updates were rejected because the tip of your current branch is behind\nhint: its remote counterpart. Integrate the remote changes (e.g.\nhint: 'dolt pull ...') before pushing again.\n" queryTime="2026-04-20 21:05:09.743248248 -0500 CDT m=+40.403964592"
time="2026-04-20T21:05:09-05:00" level=warning msg="error running query" connectTime="2026-04-20 21:05:08.175913631 -0500 CDT m=+38.836629975" connectionDb=hq connectionID=1947 error="unknown push error; no common ancestor" queryTime="2026-04-20 21:05:09.820942758 -0500 CDT m=+40.481659102"
time="2026-04-20T21:05:09-05:00" level=warning msg="error running query" connectTime="2026-04-20 21:05:09.574445464 -0500 CDT m=+40.235161808" connectionDb=veloxide connectionID=1974 error="nothing to commit" queryTime="2026-04-20 21:05:09.825531689 -0500 CDT m=+40.486248033"
time="2026-04-20T21:05:09-05:00" level=warning msg="error running query" connectTime="2026-04-20 21:05:09.856897867 -0500 CDT m=+40.517614211" connectionDb=hq connectionID=1985 error="nothing to commit" queryTime="2026-04-20 21:05:09.863471355 -0500 CDT m=+40.524187689"
time="2026-04-20T21:05:10-05:00" level=warning msg="error running query" connectTime="2026-04-20 21:05:08.418886078 -0500 CDT m=+39.079602412" connectionDb=hq connectionID=1948 error="unknown push error; no common ancestor" queryTime="2026-04-20 21:05:10.029873354 -0500 CDT m=+40.690589688"
time="2026-04-20T21:05:10-05:00" level=warning msg="error running query" connectTime="2026-04-20 21:05:10.062251216 -0500 CDT m=+40.722967550" connectionDb=hq connectionID=1992 error="nothing to commit" queryTime="2026-04-20 21:05:10.06793939 -0500 CDT m=+40.728655744"
time="2026-04-20T21:05:10-05:00" level=warning msg="error running query" connectTime="2026-04-20 21:05:08.476611776 -0500 CDT m=+39.137328110" connectionDb=veloxide connectionID=1949 error="To https://doltremoteapi.dolthub.com/priorlewis43/veloxide-database\n ! [rejected]            main -> main (non-fast-forward)\nerror: failed to push some refs to 'https://doltremoteapi.dolthub.com/priorlewis43/veloxide-database'\nhint: Updates were rejected because the tip of your current branch is behind\nhint: its remote counterpart. Integrate the remote changes (e.g.\nhint: 'dolt pull ...') before pushing again.\n" queryTime="2026-04-20 21:05:10.516561784 -0500 CDT m=+41.177278128"
time="2026-04-20T21:05:10-05:00" level=warning msg="error running query" connectTime="2026-04-20 21:05:10.568811818 -0500 CDT m=+41.229528162" connectionDb=veloxide connectionID=1997 error="nothing to commit" queryTime="2026-04-20 21:05:10.578467756 -0500 CDT m=+41.239184100"
time="2026-04-20T21:05:10-05:00" level=warning msg="error running query" connectTime="2026-04-20 21:05:10.661969699 -0500 CDT m=+41.322686033" connectionDb=veloxide connectionID=2000 error="nothing to commit" queryTime="2026-04-20 21:05:10.667915681 -0500 CDT m=+41.328632015"
time="2026-04-20T21:05:10-05:00" level=warning msg="error running query" connectTime="2026-04-20 21:05:10.568811818 -0500 CDT m=+41.229528162" connectionDb=veloxide connectionID=1997 error="nothing to commit" queryTime="2026-04-20 21:05:10.77381379 -0500 CDT m=+41.434530124"
time="2026-04-20T21:05:10-05:00" level=warning msg="error running query" connectTime="2026-04-20 21:05:10.661969699 -0500 CDT m=+41.322686033" connectionDb=veloxide connectionID=2000 error="nothing to commit" queryTime="2026-04-20 21:05:10.866657742 -0500 CDT m=+41.527374086"
time="2026-04-20T21:05:10-05:00" level=warning msg="error running query" connectTime="2026-04-20 21:05:09.223215293 -0500 CDT m=+39.883931637" connectionDb=hq connectionID=1953 error="unknown push error; no common ancestor" queryTime="2026-04-20 21:05:10.873809236 -0500 CDT m=+41.534525580"
time="2026-04-20T21:05:11-05:00" level=warning msg="error running query" connectTime="2026-04-20 21:05:11.23716309 -0500 CDT m=+41.897879434" connectionDb=hq connectionID=2032 error="nothing to commit" queryTime="2026-04-20 21:05:11.244218884 -0500 CDT m=+41.904935228"
time="2026-04-20T21:05:11-05:00" level=warning msg="error running query" connectTime="2026-04-20 21:05:09.795912039 -0500 CDT m=+40.456628383" connectionDb=hq connectionID=1982 error="unknown push error; no common ancestor" queryTime="2026-04-20 21:05:11.476946957 -0500 CDT m=+42.137663291"
time="2026-04-20T21:05:11-05:00" level=warning msg="error running query" connectTime="2026-04-20 21:05:09.784425393 -0500 CDT m=+40.445141727" connectionDb=hq connectionID=1981 error="unknown push error; no common ancestor" queryTime="2026-04-20 21:05:11.52481464 -0500 CDT m=+42.185531004"
time="2026-04-20T21:05:11-05:00" level=warning msg="error running query" connectTime="2026-04-20 21:05:09.914164489 -0500 CDT m=+40.574880823" connectionDb=hq connectionID=1986 error="unknown push error; no common ancestor" queryTime="2026-04-20 21:05:11.610903796 -0500 CDT m=+42.271620140"
time="2026-04-20T21:05:11-05:00" level=warning msg="error running query" connectTime="2026-04-20 21:05:11.614119965 -0500 CDT m=+42.274836359" connectionDb=veloxide connectionID=2048 error="nothing to commit" queryTime="2026-04-20 21:05:11.623345686 -0500 CDT m=+42.284062030"
time="2026-04-20T21:05:11-05:00" level=warning msg="error running query" connectTime="2026-04-20 21:05:09.947859272 -0500 CDT m=+40.608575616" connectionDb=hq connectionID=1988 error="unknown push error; no common ancestor" queryTime="2026-04-20 21:05:11.632636606 -0500 CDT m=+42.293352960"
time="2026-04-20T21:05:11-05:00" level=warning msg="error running query" connectTime="2026-04-20 21:05:11.639282094 -0500 CDT m=+42.299998438" connectionDb=hq connectionID=2054 error="nothing to commit" queryTime="2026-04-20 21:05:11.649049341 -0500 CDT m=+42.309765685"
time="2026-04-20T21:05:11-05:00" level=warning msg="error running query" connectTime="2026-04-20 21:05:09.946336242 -0500 CDT m=+40.607052576" connectionDb=hq connectionID=1987 error="unknown push error; no common ancestor" queryTime="2026-04-20 21:05:11.654285767 -0500 CDT m=+42.315002131"
time="2026-04-20T21:05:11-05:00" level=warning msg="error running query" connectTime="2026-04-20 21:05:11.738128548 -0500 CDT m=+42.398844882" connectionDb=hq connectionID=2066 error="nothing to commit" queryTime="2026-04-20 21:05:11.749798193 -0500 CDT m=+42.410514537"
time="2026-04-20T21:05:11-05:00" level=warning msg="error running query" connectTime="2026-04-20 21:05:10.165599042 -0500 CDT m=+40.826315386" connectionDb=hq connectionID=1993 error="unknown push error; no common ancestor" queryTime="2026-04-20 21:05:11.760154226 -0500 CDT m=+42.420870570"
time="2026-04-20T21:05:11-05:00" level=warning msg="error running query" connectTime="2026-04-20 21:05:11.765028445 -0500 CDT m=+42.425744789" connectionDb=hq connectionID=2069 error="nothing to commit" queryTime="2026-04-20 21:05:11.772343158 -0500 CDT m=+42.433059502"
time="2026-04-20T21:05:11-05:00" level=warning msg="error running query" connectTime="2026-04-20 21:05:11.614119965 -0500 CDT m=+42.274836359" connectionDb=veloxide connectionID=2048 error="nothing to commit" queryTime="2026-04-20 21:05:11.860781009 -0500 CDT m=+42.521497343"
time="2026-04-20T21:05:11-05:00" level=warning msg="error running query" connectTime="2026-04-20 21:05:10.354896834 -0500 CDT m=+41.015613168" connectionDb=hq connectionID=1994 error="unknown push error; no common ancestor" queryTime="2026-04-20 21:05:11.954791944 -0500 CDT m=+42.615508288"
time="2026-04-20T21:05:12-05:00" level=warning msg="error running query" connectTime="2026-04-20 21:05:12.08609629 -0500 CDT m=+42.746812624" connectionDb=hq connectionID=2105 error="nothing to commit" queryTime="2026-04-20 21:05:12.091888663 -0500 CDT m=+42.752605017"
time="2026-04-20T21:05:12-05:00" level=warning msg="error running query" connectTime="2026-04-20 21:05:09.983768811 -0500 CDT m=+40.644485155" connectionDb=veloxide connectionID=1989 error="To https://doltremoteapi.dolthub.com/priorlewis43/veloxide-database\n ! [rejected]            main -> main (non-fast-forward)\nerror: failed to push some refs to 'https://doltremoteapi.dolthub.com/priorlewis43/veloxide-database'\nhint: Updates were rejected because the tip of your current branch is behind\nhint: its remote counterpart. Integrate the remote changes (e.g.\nhint: 'dolt pull ...') before pushing again.\n" queryTime="2026-04-20 21:05:12.131641707 -0500 CDT m=+42.792358041"
time="2026-04-20T21:05:12-05:00" level=warning msg="error running query" connectTime="2026-04-20 21:05:12.424614654 -0500 CDT m=+43.085330998" connectionDb=hq connectionID=2125 error="nothing to commit" queryTime="2026-04-20 21:05:12.430086808 -0500 CDT m=+43.090803152"
time="2026-04-20T21:05:12-05:00" level=warning msg="error running query" connectTime="2026-04-20 21:05:12.919144354 -0500 CDT m=+43.579860708" connectionDb=hq connectionID=2158 error="nothing to commit" queryTime="2026-04-20 21:05:12.924378331 -0500 CDT m=+43.585094665"
time="2026-04-20T21:05:12-05:00" level=warning msg="error running query" connectTime="2026-04-20 21:05:10.938827028 -0500 CDT m=+41.599543372" connectionDb=veloxide connectionID=2016 error="To https://doltremoteapi.dolthub.com/priorlewis43/veloxide-database\n ! [rejected]            main -> main (non-fast-forward)\nerror: failed to push some refs to 'https://doltremoteapi.dolthub.com/priorlewis43/veloxide-database'\nhint: Updates were rejected because the tip of your current branch is behind\nhint: its remote counterpart. Integrate the remote changes (e.g.\nhint: 'dolt pull ...') before pushing again.\n" queryTime="2026-04-20 21:05:12.960343469 -0500 CDT m=+43.621059823"
time="2026-04-20T21:05:13-05:00" level=warning msg="error running query" connectTime="2026-04-20 21:05:11.032614935 -0500 CDT m=+41.693331289" connectionDb=veloxide connectionID=2020 error="To https://doltremoteapi.dolthub.com/priorlewis43/veloxide-database\n ! [rejected]            main -> main (non-fast-forward)\nerror: failed to push some refs to 'https://doltremoteapi.dolthub.com/priorlewis43/veloxide-database'\nhint: Updates were rejected because the tip of your current branch is behind\nhint: its remote counterpart. Integrate the remote changes (e.g.\nhint: 'dolt pull ...') before pushing again.\n" queryTime="2026-04-20 21:05:13.080705766 -0500 CDT m=+43.741422110"
time="2026-04-20T21:05:13-05:00" level=warning msg="error running query" connectTime="2026-04-20 21:05:11.531325208 -0500 CDT m=+42.192041552" connectionDb=hq connectionID=2042 error="unknown push error; no common ancestor" queryTime="2026-04-20 21:05:13.224536141 -0500 CDT m=+43.885252475"
time="2026-04-20T21:05:13-05:00" level=warning msg="error running query" connectTime="2026-04-20 21:05:13.255426482 -0500 CDT m=+43.916142826" connectionDb=hq connectionID=2172 error="nothing to commit" queryTime="2026-04-20 21:05:13.260666898 -0500 CDT m=+43.921383232"
time="2026-04-20T21:05:13-05:00" level=warning msg="error running query" connectTime="2026-04-20 21:05:13.315482906 -0500 CDT m=+43.976199250" connectionDb=veloxide connectionID=2175 error="nothing to commit" queryTime="2026-04-20 21:05:13.3210938 -0500 CDT m=+43.981810144"
time="2026-04-20T21:05:13-05:00" level=warning msg="error running query" connectTime="2026-04-20 21:05:12.061721057 -0500 CDT m=+42.722437401" connectionDb=hq connectionID=2102 error="unknown push error; no common ancestor" queryTime="2026-04-20 21:05:13.675824369 -0500 CDT m=+44.336540713"
time="2026-04-20T21:05:13-05:00" level=warning msg="error running query" connectTime="2026-04-20 21:05:11.942189496 -0500 CDT m=+42.602905840" connectionDb=hq connectionID=2088 error="unknown push error; no common ancestor" queryTime="2026-04-20 21:05:13.691610318 -0500 CDT m=+44.352326662"
time="2026-04-20T21:05:13-05:00" level=warning msg="error running query" connectTime="2026-04-20 21:05:13.743988831 -0500 CDT m=+44.404705165" connectionDb=hq connectionID=2210 error="nothing to commit" queryTime="2026-04-20 21:05:13.75354809 -0500 CDT m=+44.414264424"
time="2026-04-20T21:05:13-05:00" level=warning msg="error running query" connectTime="2026-04-20 21:05:13.768465134 -0500 CDT m=+44.429181478" connectionDb=hq connectionID=2213 error="nothing to commit" queryTime="2026-04-20 21:05:13.7736399 -0500 CDT m=+44.434356244"
time="2026-04-20T21:05:13-05:00" level=warning msg="error running query" connectTime="2026-04-20 21:05:13.942463715 -0500 CDT m=+44.603180069" connectionDb=hq connectionID=2222 error="nothing to commit" queryTime="2026-04-20 21:05:13.951415148 -0500 CDT m=+44.612131492"
time="2026-04-20T21:05:14-05:00" level=warning msg="error running query" connectTime="2026-04-20 21:05:12.382634724 -0500 CDT m=+43.043351068" connectionDb=hq connectionID=2119 error="unknown push error; no common ancestor" queryTime="2026-04-20 21:05:14.003362404 -0500 CDT m=+44.664078748"
time="2026-04-20T21:05:14-05:00" level=warning msg="error running query" connectTime="2026-04-20 21:05:12.086696826 -0500 CDT m=+42.747413160" connectionDb=hq connectionID=2107 error="unknown push error; no common ancestor" queryTime="2026-04-20 21:05:14.046161348 -0500 CDT m=+44.706877702"
time="2026-04-20T21:05:14-05:00" level=warning msg="error running query" connectTime="2026-04-20 21:05:14.039144324 -0500 CDT m=+44.699860668" connectionDb=hq connectionID=2225 error="nothing to commit" queryTime="2026-04-20 21:05:14.04900795 -0500 CDT m=+44.709724294"
time="2026-04-20T21:05:14-05:00" level=warning msg="error running query" connectTime="2026-04-20 21:05:14.130319117 -0500 CDT m=+44.791035451" connectionDb=hq connectionID=2233 error="nothing to commit" queryTime="2026-04-20 21:05:14.137301112 -0500 CDT m=+44.798017456"
time="2026-04-20T21:05:14-05:00" level=warning msg="error running query" connectTime="2026-04-20 21:05:12.026505733 -0500 CDT m=+42.687222077" connectionDb=veloxide connectionID=2098 error="To https://doltremoteapi.dolthub.com/priorlewis43/veloxide-database\n ! [rejected]            main -> main (non-fast-forward)\nerror: failed to push some refs to 'https://doltremoteapi.dolthub.com/priorlewis43/veloxide-database'\nhint: Updates were rejected because the tip of your current branch is behind\nhint: its remote counterpart. Integrate the remote changes (e.g.\nhint: 'dolt pull ...') before pushing again.\n" queryTime="2026-04-20 21:05:14.166862152 -0500 CDT m=+44.827578496"
time="2026-04-20T21:05:14-05:00" level=warning msg="error running query" connectTime="2026-04-20 21:05:12.722623568 -0500 CDT m=+43.383339902" connectionDb=hq connectionID=2141 error="unknown push error; no common ancestor" queryTime="2026-04-20 21:05:14.313971757 -0500 CDT m=+44.974688101"
time="2026-04-20T21:05:14-05:00" level=warning msg="error running query" connectTime="2026-04-20 21:05:14.348936112 -0500 CDT m=+45.009652446" connectionDb=hq connectionID=2237 error="nothing to commit" queryTime="2026-04-20 21:05:14.354571446 -0500 CDT m=+45.015287790"
time="2026-04-20T21:05:14-05:00" level=warning msg="error running query" connectTime="2026-04-20 21:05:14.701334937 -0500 CDT m=+45.362051281" connectionDb=veloxide connectionID=2243 error="nothing to commit" queryTime="2026-04-20 21:05:14.709499314 -0500 CDT m=+45.370215658"
time="2026-04-20T21:05:14-05:00" level=warning msg="error running query" connectTime="2026-04-20 21:05:13.207478451 -0500 CDT m=+43.868194805" connectionDb=hq connectionID=2169 error="unknown push error; no common ancestor" queryTime="2026-04-20 21:05:14.761280491 -0500 CDT m=+45.421996835"
time="2026-04-20T21:05:14-05:00" level=warning msg="error running query" connectTime="2026-04-20 21:05:14.803549589 -0500 CDT m=+45.464265933" connectionDb=hq connectionID=2246 error="nothing to commit" queryTime="2026-04-20 21:05:14.814029992 -0500 CDT m=+45.474746326"
time="2026-04-20T21:05:14-05:00" level=warning msg="error running query" connectTime="2026-04-20 21:05:14.701334937 -0500 CDT m=+45.362051281" connectionDb=veloxide connectionID=2243 error="nothing to commit" queryTime="2026-04-20 21:05:14.900558406 -0500 CDT m=+45.561274740"
time="2026-04-20T21:05:15-05:00" level=warning msg="error running query" connectTime="2026-04-20 21:05:13.551902586 -0500 CDT m=+44.212618930" connectionDb=hq connectionID=2188 error="unknown push error; no common ancestor" queryTime="2026-04-20 21:05:15.252160756 -0500 CDT m=+45.912877100"
time="2026-04-20T21:05:15-05:00" level=warning msg="error running query" connectTime="2026-04-20 21:05:14.060870314 -0500 CDT m=+44.721586658" connectionDb=hq connectionID=2226 error="unknown push error; no common ancestor" queryTime="2026-04-20 21:05:15.832670614 -0500 CDT m=+46.493386958"
time="2026-04-20T21:05:15-05:00" level=warning msg="error running query" connectTime="2026-04-20 21:05:15.828337812 -0500 CDT m=+46.489054156" connectionDb=veloxide connectionID=2251 error="nothing to commit" queryTime="2026-04-20 21:05:15.836254411 -0500 CDT m=+46.496970745"
time="2026-04-20T21:05:15-05:00" level=warning msg="error running query" connectTime="2026-04-20 21:05:14.073550982 -0500 CDT m=+44.734267326" connectionDb=hq connectionID=2227 error="unknown push error; no common ancestor" queryTime="2026-04-20 21:05:15.873112464 -0500 CDT m=+46.533828808"
time="2026-04-20T21:05:15-05:00" level=warning msg="error running query" connectTime="2026-04-20 21:05:15.904287484 -0500 CDT m=+46.565003818" connectionDb=hq connectionID=2259 error="nothing to commit" queryTime="2026-04-20 21:05:15.912953738 -0500 CDT m=+46.573670092"
time="2026-04-20T21:05:15-05:00" level=warning msg="error running query" connectTime="2026-04-20 21:05:15.950696756 -0500 CDT m=+46.611413090" connectionDb=hq connectionID=2263 error="nothing to commit" queryTime="2026-04-20 21:05:15.958360746 -0500 CDT m=+46.619077080"
time="2026-04-20T21:05:16-05:00" level=warning msg="error running query" connectTime="2026-04-20 21:05:14.350375923 -0500 CDT m=+45.011092287" connectionDb=hq connectionID=2238 error="unknown push error; no common ancestor" queryTime="2026-04-20 21:05:16.043906756 -0500 CDT m=+46.704623100"
time="2026-04-20T21:05:16-05:00" level=warning msg="error running query" connectTime="2026-04-20 21:05:14.268815987 -0500 CDT m=+44.929532321" connectionDb=hq connectionID=2234 error="unknown push error; no common ancestor" queryTime="2026-04-20 21:05:16.065769346 -0500 CDT m=+46.726485690"
time="2026-04-20T21:05:16-05:00" level=warning msg="error running query" connectTime="2026-04-20 21:05:16.106281996 -0500 CDT m=+46.766998340" connectionDb=hq connectionID=2266 error="nothing to commit" queryTime="2026-04-20 21:05:16.118292458 -0500 CDT m=+46.779008802"
time="2026-04-20T21:05:16-05:00" level=warning msg="error running query" connectTime="2026-04-20 21:05:14.429662623 -0500 CDT m=+45.090378967" connectionDb=hq connectionID=2239 error="unknown push error; no common ancestor" queryTime="2026-04-20 21:05:16.155205521 -0500 CDT m=+46.815921865"
time="2026-04-20T21:05:16-05:00" level=warning msg="error running query" connectTime="2026-04-20 21:05:16.230856245 -0500 CDT m=+46.891572589" connectionDb=hq connectionID=2274 error="nothing to commit" queryTime="2026-04-20 21:05:16.245459181 -0500 CDT m=+46.906175525"
time="2026-04-20T21:05:16-05:00" level=warning msg="error running query" connectTime="2026-04-20 21:05:14.663607279 -0500 CDT m=+45.324323623" connectionDb=hq connectionID=2240 error="unknown push error; no common ancestor" queryTime="2026-04-20 21:05:16.390096911 -0500 CDT m=+47.050813245"
time="2026-04-20T21:05:16-05:00" level=warning msg="error running query" connectTime="2026-04-20 21:05:16.422817891 -0500 CDT m=+47.083534225" connectionDb=hq connectionID=2278 error="nothing to commit" queryTime="2026-04-20 21:05:16.433318014 -0500 CDT m=+47.094034358"
time="2026-04-20T21:05:16-05:00" level=warning msg="error running query" connectTime="2026-04-20 21:05:15.120485382 -0500 CDT m=+45.781201716" connectionDb=hq connectionID=2248 error="unknown push error; no common ancestor" queryTime="2026-04-20 21:05:16.744958641 -0500 CDT m=+47.405674985"
time="2026-04-20T21:05:17-05:00" level=warning msg="error running query" connectTime="2026-04-20 21:05:15.062689564 -0500 CDT m=+45.723405898" connectionDb=veloxide connectionID=2247 error="To https://doltremoteapi.dolthub.com/priorlewis43/veloxide-database\n ! [rejected]            main -> main (non-fast-forward)\nerror: failed to push some refs to 'https://doltremoteapi.dolthub.com/priorlewis43/veloxide-database'\nhint: Updates were rejected because the tip of your current branch is behind\nhint: its remote counterpart. Integrate the remote changes (e.g.\nhint: 'dolt pull ...') before pushing again.\n" queryTime="2026-04-20 21:05:17.126903336 -0500 CDT m=+47.787619680"
time="2026-04-20T21:05:17-05:00" level=warning msg="error running query" connectTime="2026-04-20 21:05:16.172365021 -0500 CDT m=+46.833081365" connectionDb=veloxide connectionID=2267 error="serialization failure: this transaction conflicts with a committed transaction from another client, try restarting transaction." queryTime="2026-04-20 21:05:17.631148496 -0500 CDT m=+48.291864830"
time="2026-04-20T21:05:17-05:00" level=warning msg="error running query" connectTime="2026-04-20 21:05:16.213412417 -0500 CDT m=+46.874128771" connectionDb=hq connectionID=2271 error="unknown push error; no common ancestor" queryTime="2026-04-20 21:05:17.768684062 -0500 CDT m=+48.429400396"
time="2026-04-20T21:05:17-05:00" level=warning msg="error running query" connectTime="2026-04-20 21:05:16.235645034 -0500 CDT m=+46.896361378" connectionDb=hq connectionID=2275 error="unknown push error; no common ancestor" queryTime="2026-04-20 21:05:17.813368865 -0500 CDT m=+48.474085209"
time="2026-04-20T21:05:17-05:00" level=warning msg="error running query" connectTime="2026-04-20 21:05:17.859415359 -0500 CDT m=+48.520131703" connectionDb=hq connectionID=2318 error="nothing to commit" queryTime="2026-04-20 21:05:17.877596552 -0500 CDT m=+48.538312896"
time="2026-04-20T21:05:17-05:00" level=warning msg="error running query" connectTime="2026-04-20 21:05:17.910338822 -0500 CDT m=+48.571055156" connectionDb=hq connectionID=2324 error="nothing to commit" queryTime="2026-04-20 21:05:17.924873288 -0500 CDT m=+48.585589632"
time="2026-04-20T21:05:18-05:00" level=warning msg="error running query" connectTime="2026-04-20 21:05:16.425203826 -0500 CDT m=+47.085920160" connectionDb=hq connectionID=2279 error="unknown push error; no common ancestor" queryTime="2026-04-20 21:05:18.081197204 -0500 CDT m=+48.741913538"
time="2026-04-20T21:05:18-05:00" level=warning msg="error running query" connectTime="2026-04-20 21:05:16.551419605 -0500 CDT m=+47.212135949" connectionDb=hq connectionID=2280 error="unknown push error; no common ancestor" queryTime="2026-04-20 21:05:18.151507332 -0500 CDT m=+48.812223676"
time="2026-04-20T21:05:18-05:00" level=warning msg="error running query" connectTime="2026-04-20 21:05:18.233309496 -0500 CDT m=+48.894025840" connectionDb=hq connectionID=2356 error="nothing to commit" queryTime="2026-04-20 21:05:18.255700453 -0500 CDT m=+48.916416787"
time="2026-04-20T21:05:18-05:00" level=warning msg="error running query" connectTime="2026-04-20 21:05:16.736413946 -0500 CDT m=+47.397130290" connectionDb=hq connectionID=2281 error="unknown push error; no common ancestor" queryTime="2026-04-20 21:05:18.318464269 -0500 CDT m=+48.979180613"
time="2026-04-20T21:05:18-05:00" level=warning msg="error running query" connectTime="2026-04-20 21:05:18.256378258 -0500 CDT m=+48.917094612" connectionDb=hq connectionID=2359 error="nothing to commit" queryTime="2026-04-20 21:05:18.320579316 -0500 CDT m=+48.981295650"
time="2026-04-20T21:05:18-05:00" level=warning msg="error running query" connectTime="2026-04-20 21:05:18.351775745 -0500 CDT m=+49.012492089" connectionDb=hq connectionID=2362 error="nothing to commit" queryTime="2026-04-20 21:05:18.367345055 -0500 CDT m=+49.028061399"
time="2026-04-20T21:05:19-05:00" level=warning msg="error running query" connectTime="2026-04-20 21:05:19.632601736 -0500 CDT m=+50.293318080" connectionDb=veloxide connectionID=2371 error="Merge conflict detected, @autocommit transaction rolled back. @autocommit must be disabled so that merge conflicts can be resolved using the dolt_conflicts and dolt_schema_conflicts tables before manually committing the transaction. Alternatively, to commit transactions with merge conflicts, set @@dolt_allow_commit_conflicts = 1"
time="2026-04-20T21:05:19-05:00" level=warning msg="error running query" connectTime="2026-04-20 21:05:18.174376195 -0500 CDT m=+48.835092529" connectionDb=hq connectionID=2346 error="unknown push error; no common ancestor" queryTime="2026-04-20 21:05:19.787107953 -0500 CDT m=+50.447824297"
time="2026-04-20T21:05:19-05:00" level=warning msg="error running query" connectTime="2026-04-20 21:05:17.789756627 -0500 CDT m=+48.450472971" connectionDb=veloxide connectionID=2303 error="To https://doltremoteapi.dolthub.com/priorlewis43/veloxide-database\n ! [rejected]            main -> main (non-fast-forward)\nerror: failed to push some refs to 'https://doltremoteapi.dolthub.com/priorlewis43/veloxide-database'\nhint: Updates were rejected because the tip of your current branch is behind\nhint: its remote counterpart. Integrate the remote changes (e.g.\nhint: 'dolt pull ...') before pushing again.\n" queryTime="2026-04-20 21:05:19.867195969 -0500 CDT m=+50.527912313"
time="2026-04-20T21:05:19-05:00" level=warning msg="error running query" connectTime="2026-04-20 21:05:19.866265485 -0500 CDT m=+50.526981829" connectionDb=hq connectionID=2377 error="nothing to commit" queryTime="2026-04-20 21:05:19.873418229 -0500 CDT m=+50.534134573"
time="2026-04-20T21:05:19-05:00" level=warning msg="error running query" connectTime="2026-04-20 21:05:18.213974941 -0500 CDT m=+48.874691285" connectionDb=hq connectionID=2353 error="unknown push error; no common ancestor" queryTime="2026-04-20 21:05:19.929153511 -0500 CDT m=+50.589869855"
time="2026-04-20T21:05:20-05:00" level=warning msg="error running query" connectTime="2026-04-20 21:05:20.002620449 -0500 CDT m=+50.663336783" connectionDb=hq connectionID=2383 error="nothing to commit" queryTime="2026-04-20 21:05:20.010777836 -0500 CDT m=+50.671494170"
time="2026-04-20T21:05:20-05:00" level=warning msg="error running query" connectTime="2026-04-20 21:05:18.589987595 -0500 CDT m=+49.250703939" connectionDb=hq connectionID=2363 error="unknown push error; no common ancestor" queryTime="2026-04-20 21:05:20.191760844 -0500 CDT m=+50.852477188"
time="2026-04-20T21:05:20-05:00" level=warning msg="error running query" connectTime="2026-04-20 21:05:18.623685058 -0500 CDT m=+49.284401512" connectionDb=hq connectionID=2364 error="unknown push error; no common ancestor" queryTime="2026-04-20 21:05:20.232722851 -0500 CDT m=+50.893439195"
time="2026-04-20T21:05:20-05:00" level=warning msg="error running query" connectTime="2026-04-20 21:05:18.663583592 -0500 CDT m=+49.324299946" connectionDb=hq connectionID=2365 error="unknown push error; no common ancestor" queryTime="2026-04-20 21:05:20.269056627 -0500 CDT m=+50.929772971"
time="2026-04-20T21:05:20-05:00" level=warning msg="error running query" connectTime="2026-04-20 21:05:20.264188189 -0500 CDT m=+50.924904533" connectionDb=hq connectionID=2390 error="nothing to commit" queryTime="2026-04-20 21:05:20.274023095 -0500 CDT m=+50.934739439"
time="2026-04-20T21:05:20-05:00" level=warning msg="error running query" connectTime="2026-04-20 21:05:20.274602172 -0500 CDT m=+50.935318596" connectionDb=hq connectionID=2393 error="nothing to commit" queryTime="2026-04-20 21:05:20.285125114 -0500 CDT m=+50.945841458"
time="2026-04-20T21:05:20-05:00" level=warning msg="error running query" connectTime="2026-04-20 21:05:20.615017375 -0500 CDT m=+51.275733719" connectionDb=hq connectionID=2423 error="nothing to commit" queryTime="2026-04-20 21:05:20.621334444 -0500 CDT m=+51.282050788"
time="2026-04-20T21:05:21-05:00" level=warning msg="error running query" connectTime="2026-04-20 21:05:21.134030661 -0500 CDT m=+51.794746995" connectionDb=hq connectionID=2469 error="nothing to commit" queryTime="2026-04-20 21:05:21.140238471 -0500 CDT m=+51.800954815"
time="2026-04-20T21:05:21-05:00" level=warning msg="error running query" connectTime="2026-04-20 21:05:21.177283573 -0500 CDT m=+51.837999917" connectionDb=hq connectionID=2472 error="nothing to commit" queryTime="2026-04-20 21:05:21.186189256 -0500 CDT m=+51.846905610"
time="2026-04-20T21:05:21-05:00" level=warning msg="error running query" connectTime="2026-04-20 21:05:21.836545019 -0500 CDT m=+52.497261353" connectionDb=hq connectionID=2507 error="nothing to commit" queryTime="2026-04-20 21:05:21.847733107 -0500 CDT m=+52.508449451"
time="2026-04-20T21:05:21-05:00" level=warning msg="error running query" connectTime="2026-04-20 21:05:20.171617613 -0500 CDT m=+50.832333957" connectionDb=hq connectionID=2384 error="unknown push error; no common ancestor" queryTime="2026-04-20 21:05:21.852174758 -0500 CDT m=+52.512891102"
time="2026-04-20T21:05:21-05:00" level=warning msg="error running query" connectTime="2026-04-20 21:05:20.283331496 -0500 CDT m=+50.944047850" connectionDb=hq connectionID=2394 error="unknown push error; no common ancestor" queryTime="2026-04-20 21:05:21.922204728 -0500 CDT m=+52.582921072"
time="2026-04-20T21:05:21-05:00" level=warning msg="error running query" connectTime="2026-04-20 21:05:21.929297923 -0500 CDT m=+52.590014257" connectionDb=hq connectionID=2513 error="nothing to commit" queryTime="2026-04-20 21:05:21.937214652 -0500 CDT m=+52.597930996"
time="2026-04-20T21:05:22-05:00" level=warning msg="error running query" connectTime="2026-04-20 21:05:22.007382411 -0500 CDT m=+52.668098745" connectionDb=hq connectionID=2522 error="nothing to commit" queryTime="2026-04-20 21:05:22.015261881 -0500 CDT m=+52.675978235"
time="2026-04-20T21:05:22-05:00" level=warning msg="error running query" connectTime="2026-04-20 21:05:20.609264812 -0500 CDT m=+51.269981156" connectionDb=hq connectionID=2419 error="unknown push error; no common ancestor" queryTime="2026-04-20 21:05:22.253251552 -0500 CDT m=+52.913967906"
time="2026-04-20T21:05:22-05:00" level=warning msg="error running query" connectTime="2026-04-20 21:05:20.612162553 -0500 CDT m=+51.272878897" connectionDb=hq connectionID=2420 error="unknown push error; no common ancestor" queryTime="2026-04-20 21:05:22.26142456 -0500 CDT m=+52.922140904"
time="2026-04-20T21:05:22-05:00" level=warning msg="error running query" connectTime="2026-04-20 21:05:22.35169592 -0500 CDT m=+53.012412254" connectionDb=hq connectionID=2531 error="nothing to commit" queryTime="2026-04-20 21:05:22.359104423 -0500 CDT m=+53.019820767"
time="2026-04-20T21:05:22-05:00" level=warning msg="error running query" connectTime="2026-04-20 21:05:20.927911385 -0500 CDT m=+51.588627729" connectionDb=hq connectionID=2448 error="unknown push error; no common ancestor" queryTime="2026-04-20 21:05:22.530355053 -0500 CDT m=+53.191071387"
time="2026-04-20T21:05:22-05:00" level=warning msg="error running query" connectTime="2026-04-20 21:05:22.644634509 -0500 CDT m=+53.305350853" connectionDb=hq connectionID=2552 error="nothing to commit" queryTime="2026-04-20 21:05:22.653200144 -0500 CDT m=+53.313916488"
time="2026-04-20T21:05:22-05:00" level=warning msg="error running query" connectTime="2026-04-20 21:05:22.863423974 -0500 CDT m=+53.524140308" connectionDb=veloxide connectionID=2559 error="Merge conflict detected, @autocommit transaction rolled back. @autocommit must be disabled so that merge conflicts can be resolved using the dolt_conflicts and dolt_schema_conflicts tables before manually committing the transaction. Alternatively, to commit transactions with merge conflicts, set @@dolt_allow_commit_conflicts = 1"
time="2026-04-20T21:05:23-05:00" level=warning msg="error running query" connectTime="2026-04-20 21:05:21.461347929 -0500 CDT m=+52.122064263" connectionDb=hq connectionID=2482 error="unknown push error; no common ancestor" queryTime="2026-04-20 21:05:23.244538806 -0500 CDT m=+53.905255150"
time="2026-04-20T21:05:23-05:00" level=warning msg="error running query" connectTime="2026-04-20 21:05:23.27663457 -0500 CDT m=+53.937350924" connectionDb=hq connectionID=2581 error="nothing to commit" queryTime="2026-04-20 21:05:23.288032007 -0500 CDT m=+53.948748341"
time="2026-04-20T21:05:23-05:00" level=warning msg="error running query" connectTime="2026-04-20 21:05:21.497386977 -0500 CDT m=+52.158103321" connectionDb=hq connectionID=2486 error="unknown push error; no common ancestor" queryTime="2026-04-20 21:05:23.310061756 -0500 CDT m=+53.970778100"
time="2026-04-20T21:05:23-05:00" level=warning msg="error running query" connectTime="2026-04-20 21:05:23.340957517 -0500 CDT m=+54.001673861" connectionDb=hq connectionID=2587 error="nothing to commit" queryTime="2026-04-20 21:05:23.355727592 -0500 CDT m=+54.016443926"
time="2026-04-20T21:05:23-05:00" level=warning msg="error running query" connectTime="2026-04-20 21:05:22.241393038 -0500 CDT m=+52.902109382" connectionDb=hq connectionID=2524 error="unknown push error; no common ancestor" queryTime="2026-04-20 21:05:23.857767839 -0500 CDT m=+54.518484183"
time="2026-04-20T21:05:23-05:00" level=warning msg="error running query" connectTime="2026-04-20 21:05:22.292136563 -0500 CDT m=+52.952852907" connectionDb=hq connectionID=2525 error="unknown push error; no common ancestor" queryTime="2026-04-20 21:05:23.873292979 -0500 CDT m=+54.534009333"
time="2026-04-20T21:05:23-05:00" level=warning msg="error running query" connectTime="2026-04-20 21:05:22.150773721 -0500 CDT m=+52.811490065" connectionDb=hq connectionID=2523 error="unknown push error; no common ancestor" queryTime="2026-04-20 21:05:23.90120748 -0500 CDT m=+54.561923824"
time="2026-04-20T21:05:23-05:00" level=warning msg="error running query" connectTime="2026-04-20 21:05:23.940370338 -0500 CDT m=+54.601086672" connectionDb=hq connectionID=2628 error="nothing to commit" queryTime="2026-04-20 21:05:23.95401424 -0500 CDT m=+54.614730584"
time="2026-04-20T21:05:23-05:00" level=warning msg="error running query" connectTime="2026-04-20 21:05:23.94160603 -0500 CDT m=+54.602322374" connectionDb=hq connectionID=2633 error="nothing to commit" queryTime="2026-04-20 21:05:23.968004031 -0500 CDT m=+54.628720375"
time="2026-04-20T21:05:23-05:00" level=warning msg="error running query" connectTime="2026-04-20 21:05:23.942303296 -0500 CDT m=+54.603019640" connectionDb=hq connectionID=2636 error="nothing to commit" queryTime="2026-04-20 21:05:23.994881398 -0500 CDT m=+54.655597742"
time="2026-04-20T21:05:24-05:00" level=warning msg="error running query" connectTime="2026-04-20 21:05:23.9945782 -0500 CDT m=+54.655294544" connectionDb=hq connectionID=2640 error="nothing to commit" queryTime="2026-04-20 21:05:24.03201001 -0500 CDT m=+54.692726354"
time="2026-04-20T21:05:24-05:00" level=warning msg="error running query" connectTime="2026-04-20 21:05:22.658358781 -0500 CDT m=+53.319075115" connectionDb=hq connectionID=2553 error="unknown push error; no common ancestor" queryTime="2026-04-20 21:05:24.451134959 -0500 CDT m=+55.111851303"
time="2026-04-20T21:05:24-05:00" level=warning msg="error running query" connectTime="2026-04-20 21:05:24.534280745 -0500 CDT m=+55.194997089" connectionDb=hq connectionID=2673 error="nothing to commit" queryTime="2026-04-20 21:05:24.540921472 -0500 CDT m=+55.201637806"
time="2026-04-20T21:05:24-05:00" level=warning msg="error running query" connectTime="2026-04-20 21:05:23.010684668 -0500 CDT m=+53.671401002" connectionDb=hq connectionID=2563 error="unknown push error; no common ancestor" queryTime="2026-04-20 21:05:24.590067517 -0500 CDT m=+55.250783861"
time="2026-04-20T21:05:24-05:00" level=warning msg="error running query" connectTime="2026-04-20 21:05:24.625476109 -0500 CDT m=+55.286192453" connectionDb=hq connectionID=2680 error="nothing to commit" queryTime="2026-04-20 21:05:24.728668687 -0500 CDT m=+55.389385031"
time="2026-04-20T21:05:24-05:00" level=warning msg="error running query" connectTime="2026-04-20 21:05:24.728936415 -0500 CDT m=+55.389652749" connectionDb=veloxide connectionID=2686 error="Merge conflict detected, @autocommit transaction rolled back. @autocommit must be disabled so that merge conflicts can be resolved using the dolt_conflicts and dolt_schema_conflicts tables before manually committing the transaction. Alternatively, to commit transactions with merge conflicts, set @@dolt_allow_commit_conflicts = 1"
time="2026-04-20T21:05:24-05:00" level=warning msg="error running query" connectTime="2026-04-20 21:05:24.841776771 -0500 CDT m=+55.502493105" connectionDb=hq connectionID=2692 error="nothing to commit" queryTime="2026-04-20 21:05:24.856870864 -0500 CDT m=+55.517587208"
time="2026-04-20T21:05:25-05:00" level=warning msg="error running query" connectTime="2026-04-20 21:05:23.705673955 -0500 CDT m=+54.366390299" connectionDb=hq connectionID=2609 error="unknown push error; no common ancestor" queryTime="2026-04-20 21:05:25.374654719 -0500 CDT m=+56.035371063"
time="2026-04-20T21:05:25-05:00" level=warning msg="error running query" connectTime="2026-04-20 21:05:25.404773966 -0500 CDT m=+56.065490320" connectionDb=hq connectionID=2698 error="nothing to commit" queryTime="2026-04-20 21:05:25.41199487 -0500 CDT m=+56.072711224"
time="2026-04-20T21:05:25-05:00" level=warning msg="error running query" connectTime="2026-04-20 21:05:23.857698819 -0500 CDT m=+54.518415153" connectionDb=hq connectionID=2616 error="unknown push error; no common ancestor" queryTime="2026-04-20 21:05:25.636520108 -0500 CDT m=+56.297236452"
time="2026-04-20T21:05:26-05:00" level=warning msg="error running query" connectTime="2026-04-20 21:05:24.516185141 -0500 CDT m=+55.176901485" connectionDb=hq connectionID=2666 error="unknown push error; no common ancestor" queryTime="2026-04-20 21:05:26.208768885 -0500 CDT m=+56.869485239"
time="2026-04-20T21:05:26-05:00" level=warning msg="error running query" connectTime="2026-04-20 21:05:24.493665106 -0500 CDT m=+55.154381440" connectionDb=hq connectionID=2665 error="unknown push error; no common ancestor" queryTime="2026-04-20 21:05:26.253829385 -0500 CDT m=+56.914545729"
time="2026-04-20T21:05:26-05:00" level=warning msg="error running query" connectTime="2026-04-20 21:05:24.549851335 -0500 CDT m=+55.210567669" connectionDb=hq connectionID=2674 error="unknown push error; no common ancestor" queryTime="2026-04-20 21:05:26.288715382 -0500 CDT m=+56.949431726"
time="2026-04-20T21:05:26-05:00" level=warning msg="error running query" connectTime="2026-04-20 21:05:26.289427807 -0500 CDT m=+56.950144141" connectionDb=hq connectionID=2705 error="nothing to commit" queryTime="2026-04-20 21:05:26.29824891 -0500 CDT m=+56.958965254"
time="2026-04-20T21:05:26-05:00" level=warning msg="error running query" connectTime="2026-04-20 21:05:24.528300423 -0500 CDT m=+55.189016787" connectionDb=hq connectionID=2667 error="unknown push error; no common ancestor" queryTime="2026-04-20 21:05:26.30916486 -0500 CDT m=+56.969881224"
time="2026-04-20T21:05:26-05:00" level=warning msg="error running query" connectTime="2026-04-20 21:05:26.349481671 -0500 CDT m=+57.010198225" connectionDb=hq connectionID=2711 error="nothing to commit" queryTime="2026-04-20 21:05:26.363950429 -0500 CDT m=+57.024666773"
time="2026-04-20T21:05:26-05:00" level=warning msg="error running query" connectTime="2026-04-20 21:05:26.394426413 -0500 CDT m=+57.055142747" connectionDb=hq connectionID=2714 error="nothing to commit" queryTime="2026-04-20 21:05:26.407512049 -0500 CDT m=+57.068228383"
time="2026-04-20T21:05:26-05:00" level=warning msg="error running query" connectTime="2026-04-20 21:05:24.868762727 -0500 CDT m=+55.529479061" connectionDb=hq connectionID=2693 error="unknown push error; no common ancestor" queryTime="2026-04-20 21:05:26.626420544 -0500 CDT m=+57.287136888"
time="2026-04-20T21:05:26-05:00" level=warning msg="error running query" connectTime="2026-04-20 21:05:26.704136745 -0500 CDT m=+57.364853089" connectionDb=hq connectionID=2723 error="nothing to commit" queryTime="2026-04-20 21:05:26.717136611 -0500 CDT m=+57.377852965"
time="2026-04-20T21:05:26-05:00" level=warning msg="error running query" connectTime="2026-04-20 21:05:25.036110093 -0500 CDT m=+55.696826447" connectionDb=hq connectionID=2694 error="unknown push error; no common ancestor" queryTime="2026-04-20 21:05:26.722540517 -0500 CDT m=+57.383256861"
time="2026-04-20T21:05:26-05:00" level=warning msg="error running query" connectTime="2026-04-20 21:05:25.158385588 -0500 CDT m=+55.819101922" connectionDb=hq connectionID=2695 error="unknown push error; no common ancestor" queryTime="2026-04-20 21:05:26.899787429 -0500 CDT m=+57.560503773"
time="2026-04-20T21:05:26-05:00" level=warning msg="error running query" connectTime="2026-04-20 21:05:26.933602962 -0500 CDT m=+57.594319306" connectionDb=hq connectionID=2735 error="nothing to commit" queryTime="2026-04-20 21:05:26.939534534 -0500 CDT m=+57.600250878"
time="2026-04-20T21:05:26-05:00" level=warning msg="error running query" connectTime="2026-04-20 21:05:26.933690841 -0500 CDT m=+57.594407385" connectionDb=hq connectionID=2734 error="nothing to commit" queryTime="2026-04-20 21:05:26.949285311 -0500 CDT m=+57.610001655"
time="2026-04-20T21:05:27-05:00" level=warning msg="error running query" connectTime="2026-04-20 21:05:25.719921123 -0500 CDT m=+56.380637457" connectionDb=hq connectionID=2699 error="unknown push error; no common ancestor" queryTime="2026-04-20 21:05:27.446597679 -0500 CDT m=+58.107314023"
time="2026-04-20T21:05:27-05:00" level=warning msg="error running query" connectTime="2026-04-20 21:05:27.477863189 -0500 CDT m=+58.138579533" connectionDb=hq connectionID=2741 error="nothing to commit" queryTime="2026-04-20 21:05:27.561898089 -0500 CDT m=+58.222614433"
time="2026-04-20T21:05:28-05:00" level=warning msg="error running query" connectTime="2026-04-20 21:05:26.625770998 -0500 CDT m=+57.286487342" connectionDb=hq connectionID=2715 error="unknown push error; no common ancestor" queryTime="2026-04-20 21:05:28.303916367 -0500 CDT m=+58.964632711"
time="2026-04-20T21:05:28-05:00" level=warning msg="error running query" connectTime="2026-04-20 21:05:26.667301431 -0500 CDT m=+57.328017775" connectionDb=hq connectionID=2719 error="unknown push error; no common ancestor" queryTime="2026-04-20 21:05:28.371400174 -0500 CDT m=+59.032116518"
time="2026-04-20T21:05:28-05:00" level=warning msg="error running query" connectTime="2026-04-20 21:05:26.687592031 -0500 CDT m=+57.348308375" connectionDb=hq connectionID=2720 error="unknown push error; no common ancestor" queryTime="2026-04-20 21:05:28.412627109 -0500 CDT m=+59.073343443"
time="2026-04-20T21:05:28-05:00" level=warning msg="error running query" connectTime="2026-04-20 21:05:28.398095863 -0500 CDT m=+59.058812197" connectionDb=hq connectionID=2766 error="nothing to commit" queryTime="2026-04-20 21:05:28.448665378 -0500 CDT m=+59.109381732"
time="2026-04-20T21:05:28-05:00" level=warning msg="error running query" connectTime="2026-04-20 21:05:28.514220508 -0500 CDT m=+59.174936852" connectionDb=hq connectionID=2772 error="nothing to commit" queryTime="2026-04-20 21:05:28.520899065 -0500 CDT m=+59.181615409"
time="2026-04-20T21:05:28-05:00" level=warning msg="error running query" connectTime="2026-04-20 21:05:27.025916899 -0500 CDT m=+57.686633233" connectionDb=hq connectionID=2736 error="unknown push error; no common ancestor" queryTime="2026-04-20 21:05:28.723500905 -0500 CDT m=+59.384217249"
time="2026-04-20T21:05:28-05:00" level=warning msg="error running query" connectTime="2026-04-20 21:05:28.813573586 -0500 CDT m=+59.474289920" connectionDb=hq connectionID=2783 error="nothing to commit" queryTime="2026-04-20 21:05:28.82698146 -0500 CDT m=+59.487697804"
time="2026-04-20T21:05:29-05:00" level=warning msg="error running query" connectTime="2026-04-20 21:05:27.278747757 -0500 CDT m=+57.939464091" connectionDb=hq connectionID=2738 error="unknown push error; no common ancestor" queryTime="2026-04-20 21:05:29.007108634 -0500 CDT m=+59.667824978"
time="2026-04-20T21:05:29-05:00" level=warning msg="error running query" connectTime="2026-04-20 21:05:27.255669935 -0500 CDT m=+57.916386279" connectionDb=hq connectionID=2737 error="unknown push error; no common ancestor" queryTime="2026-04-20 21:05:29.025504616 -0500 CDT m=+59.686220970"
time="2026-04-20T21:05:29-05:00" level=warning msg="error running query" connectTime="2026-04-20 21:05:29.050093489 -0500 CDT m=+59.710809833" connectionDb=hq connectionID=2786 error="nothing to commit" queryTime="2026-04-20 21:05:29.061464076 -0500 CDT m=+59.722180430"
time="2026-04-20T21:05:29-05:00" level=warning msg="error running query" connectTime="2026-04-20 21:05:28.06811669 -0500 CDT m=+58.728833034" connectionDb=hq connectionID=2754 error="unknown push error; no common ancestor" queryTime="2026-04-20 21:05:29.69204213 -0500 CDT m=+60.352758484"
time="2026-04-20T21:05:30-05:00" level=warning msg="error running query" connectTime="2026-04-20 21:05:30.321439881 -0500 CDT m=+60.982156215" connectionDb=hq connectionID=2821 error="nothing to commit" queryTime="2026-04-20 21:05:30.327302854 -0500 CDT m=+60.988019198"
time="2026-04-20T21:05:30-05:00" level=warning msg="error running query" connectTime="2026-04-20 21:05:28.753047765 -0500 CDT m=+59.413764109" connectionDb=hq connectionID=2776 error="unknown push error; no common ancestor" queryTime="2026-04-20 21:05:30.352142394 -0500 CDT m=+61.012858728"
time="2026-04-20T21:05:30-05:00" level=warning msg="error running query" connectTime="2026-04-20 21:05:28.796589865 -0500 CDT m=+59.457306199" connectionDb=hq connectionID=2780 error="unknown push error; no common ancestor" queryTime="2026-04-20 21:05:30.416761099 -0500 CDT m=+61.077477443"
time="2026-04-20T21:05:30-05:00" level=warning msg="error running query" connectTime="2026-04-20 21:05:30.429697367 -0500 CDT m=+61.090413711" connectionDb=hq connectionID=2827 error="nothing to commit" queryTime="2026-04-20 21:05:30.438869118 -0500 CDT m=+61.099585462"
time="2026-04-20T21:05:30-05:00" level=warning msg="error running query" connectTime="2026-04-20 21:05:30.493245439 -0500 CDT m=+61.153961783" connectionDb=hq connectionID=2833 error="nothing to commit" queryTime="2026-04-20 21:05:30.500543702 -0500 CDT m=+61.161260036"
time="2026-04-20T21:05:30-05:00" level=warning msg="error running query" connectTime="2026-04-20 21:05:29.117566186 -0500 CDT m=+59.778282530" connectionDb=hq connectionID=2787 error="unknown push error; no common ancestor" queryTime="2026-04-20 21:05:30.689581859 -0500 CDT m=+61.350298203"
time="2026-04-20T21:05:30-05:00" level=warning msg="error running query" connectTime="2026-04-20 21:05:30.783201828 -0500 CDT m=+61.443918172" connectionDb=hq connectionID=2844 error="nothing to commit" queryTime="2026-04-20 21:05:30.797210299 -0500 CDT m=+61.457926633"
time="2026-04-20T21:05:30-05:00" level=warning msg="error running query" connectTime="2026-04-20 21:05:29.377804746 -0500 CDT m=+60.038521090" connectionDb=hq connectionID=2788 error="unknown push error; no common ancestor" queryTime="2026-04-20 21:05:30.971072333 -0500 CDT m=+61.631788677"
time="2026-04-20T21:05:31-05:00" level=warning msg="error running query" connectTime="2026-04-20 21:05:31.56072469 -0500 CDT m=+62.221441034" connectionDb=hq connectionID=2905 error="nothing to commit" queryTime="2026-04-20 21:05:31.57012806 -0500 CDT m=+62.230844404"
time="2026-04-20T21:05:32-05:00" level=warning msg="error running query" connectTime="2026-04-20 21:05:30.634273414 -0500 CDT m=+61.294989758" connectionDb=hq connectionID=2834 error="unknown push error; no common ancestor" queryTime="2026-04-20 21:05:32.221170864 -0500 CDT m=+62.881887208"
time="2026-04-20T21:05:32-05:00" level=warning msg="error running query" connectTime="2026-04-20 21:05:32.251609318 -0500 CDT m=+62.912325662" connectionDb=hq connectionID=2912 error="nothing to commit" queryTime="2026-04-20 21:05:32.259840646 -0500 CDT m=+62.920556990"
time="2026-04-20T21:05:32-05:00" level=warning msg="error running query" connectTime="2026-04-20 21:05:30.73925917 -0500 CDT m=+61.399975514" connectionDb=hq connectionID=2841 error="unknown push error; no common ancestor" queryTime="2026-04-20 21:05:32.324092793 -0500 CDT m=+62.984809137"
time="2026-04-20T21:05:32-05:00" level=warning msg="error running query" connectTime="2026-04-20 21:05:32.406806373 -0500 CDT m=+63.067522717" connectionDb=hq connectionID=2918 error="nothing to commit" queryTime="2026-04-20 21:05:32.422048845 -0500 CDT m=+63.082765179"
time="2026-04-20T21:05:32-05:00" level=warning msg="error running query" connectTime="2026-04-20 21:05:30.804324013 -0500 CDT m=+61.465040357" connectionDb=hq connectionID=2845 error="unknown push error; no common ancestor" queryTime="2026-04-20 21:05:32.470298826 -0500 CDT m=+63.131015170"
time="2026-04-20T21:05:32-05:00" level=warning msg="error running query" connectTime="2026-04-20 21:05:32.554130678 -0500 CDT m=+63.214847012" connectionDb=hq connectionID=2924 error="nothing to commit" queryTime="2026-04-20 21:05:32.56319524 -0500 CDT m=+63.223911584"
time="2026-04-20T21:05:32-05:00" level=warning msg="error running query" connectTime="2026-04-20 21:05:31.098225477 -0500 CDT m=+61.758941821" connectionDb=hq connectionID=2849 error="unknown push error; no common ancestor" queryTime="2026-04-20 21:05:32.732320095 -0500 CDT m=+63.393036429"
time="2026-04-20T21:05:32-05:00" level=warning msg="error running query" connectTime="2026-04-20 21:05:32.812373261 -0500 CDT m=+63.473089595" connectionDb=hq connectionID=2932 error="nothing to commit" queryTime="2026-04-20 21:05:32.824492334 -0500 CDT m=+63.485208678"
time="2026-04-20T21:05:33-05:00" level=warning msg="error running query" connectTime="2026-04-20 21:05:31.930858726 -0500 CDT m=+62.591575060" connectionDb=hq connectionID=2909 error="unknown push error; no common ancestor" queryTime="2026-04-20 21:05:33.605317466 -0500 CDT m=+64.266033820"
time="2026-04-20T21:05:33-05:00" level=warning msg="error running query" connectTime="2026-04-20 21:05:33.645915016 -0500 CDT m=+64.306631360" connectionDb=hq connectionID=2952 error="nothing to commit" queryTime="2026-04-20 21:05:33.655097287 -0500 CDT m=+64.315813631"
time="2026-04-20T21:05:34-05:00" level=warning msg="error running query" connectTime="2026-04-20 21:05:32.600698919 -0500 CDT m=+63.261415453" connectionDb=hq connectionID=2925 error="unknown push error; no common ancestor" queryTime="2026-04-20 21:05:34.187619531 -0500 CDT m=+64.848335885"
time="2026-04-20T21:05:34-05:00" level=warning msg="error running query" connectTime="2026-04-20 21:05:34.22370236 -0500 CDT m=+64.884418704" connectionDb=hq connectionID=2959 error="nothing to commit" queryTime="2026-04-20 21:05:34.231339471 -0500 CDT m=+64.892055815"
time="2026-04-20T21:05:34-05:00" level=warning msg="error running query" connectTime="2026-04-20 21:05:32.738705514 -0500 CDT m=+63.399421858" connectionDb=hq connectionID=2926 error="unknown push error; no common ancestor" queryTime="2026-04-20 21:05:34.360013306 -0500 CDT m=+65.020729650"
time="2026-04-20T21:05:34-05:00" level=warning msg="error running query" connectTime="2026-04-20 21:05:34.505075766 -0500 CDT m=+65.165792110" connectionDb=hq connectionID=2965 error="nothing to commit" queryTime="2026-04-20 21:05:34.524274802 -0500 CDT m=+65.184991136"
time="2026-04-20T21:05:34-05:00" level=warning msg="error running query" connectTime="2026-04-20 21:05:32.860147375 -0500 CDT m=+63.520863709" connectionDb=hq connectionID=2936 error="unknown push error; no common ancestor" queryTime="2026-04-20 21:05:34.553766653 -0500 CDT m=+65.214482987"
time="2026-04-20T21:05:34-05:00" level=warning msg="error running query" connectTime="2026-04-20 21:05:34.661239244 -0500 CDT m=+65.321955578" connectionDb=hq connectionID=2975 error="nothing to commit" queryTime="2026-04-20 21:05:34.669435791 -0500 CDT m=+65.330152355"
time="2026-04-20T21:05:34-05:00" level=warning msg="error running query" connectTime="2026-04-20 21:05:34.689755421 -0500 CDT m=+65.350471765" connectionDb=hq connectionID=2978 error="nothing to commit" queryTime="2026-04-20 21:05:34.699899846 -0500 CDT m=+65.360616190"
time="2026-04-20T21:05:34-05:00" level=warning msg="error running query" connectTime="2026-04-20 21:05:33.122471523 -0500 CDT m=+63.783187867" connectionDb=hq connectionID=2946 error="unknown push error; no common ancestor" queryTime="2026-04-20 21:05:34.847780028 -0500 CDT m=+65.508496382"
time="2026-04-20T21:05:34-05:00" level=warning msg="error running query" connectTime="2026-04-20 21:05:34.939201052 -0500 CDT m=+65.599917386" connectionDb=hq connectionID=2985 error="nothing to commit" queryTime="2026-04-20 21:05:34.947158351 -0500 CDT m=+65.607874685"
time="2026-04-20T21:05:35-05:00" level=warning msg="error running query" connectTime="2026-04-20 21:05:33.973956072 -0500 CDT m=+64.634672416" connectionDb=hq connectionID=2953 error="unknown push error; no common ancestor" queryTime="2026-04-20 21:05:35.781286222 -0500 CDT m=+66.442002576"
time="2026-04-20T21:05:35-05:00" level=warning msg="error running query" connectTime="2026-04-20 21:05:35.911548037 -0500 CDT m=+66.572264691" connectionDb=hq connectionID=3002 error="nothing to commit" queryTime="2026-04-20 21:05:35.919552396 -0500 CDT m=+66.580268730"
time="2026-04-20T21:05:36-05:00" level=warning msg="error running query" connectTime="2026-04-20 21:05:34.596856887 -0500 CDT m=+65.257573221" connectionDb=hq connectionID=2966 error="unknown push error; no common ancestor" queryTime="2026-04-20 21:05:36.29947192 -0500 CDT m=+66.960188254"
time="2026-04-20T21:05:36-05:00" level=warning msg="error running query" connectTime="2026-04-20 21:05:36.336262194 -0500 CDT m=+66.996978538" connectionDb=hq connectionID=3022 error="nothing to commit" queryTime="2026-04-20 21:05:36.343005731 -0500 CDT m=+67.003722065"
time="2026-04-20T21:05:36-05:00" level=warning msg="error running query" connectTime="2026-04-20 21:05:36.47876252 -0500 CDT m=+67.139478854" connectionDb=hq connectionID=3031 error="nothing to commit" queryTime="2026-04-20 21:05:36.487053867 -0500 CDT m=+67.147770201"
time="2026-04-20T21:05:36-05:00" level=warning msg="error running query" connectTime="2026-04-20 21:05:34.846192978 -0500 CDT m=+65.506909322" connectionDb=hq connectionID=2979 error="unknown push error; no common ancestor" queryTime="2026-04-20 21:05:36.610144908 -0500 CDT m=+67.270861252"
time="2026-04-20T21:05:36-05:00" level=warning msg="error running query" connectTime="2026-04-20 21:05:36.689965936 -0500 CDT m=+67.350682270" connectionDb=hq connectionID=3038 error="nothing to commit" queryTime="2026-04-20 21:05:36.697397549 -0500 CDT m=+67.358113893"
time="2026-04-20T21:05:36-05:00" level=warning msg="error running query" connectTime="2026-04-20 21:05:35.024319756 -0500 CDT m=+65.685036090" connectionDb=hq connectionID=2987 error="unknown push error; no common ancestor" queryTime="2026-04-20 21:05:36.704439753 -0500 CDT m=+67.365156087"
time="2026-04-20T21:05:36-05:00" level=warning msg="error running query" connectTime="2026-04-20 21:05:34.962713781 -0500 CDT m=+65.623430115" connectionDb=hq connectionID=2986 error="unknown push error; no common ancestor" queryTime="2026-04-20 21:05:36.719534807 -0500 CDT m=+67.380251161"
time="2026-04-20T21:05:36-05:00" level=warning msg="error running query" connectTime="2026-04-20 21:05:36.811807325 -0500 CDT m=+67.472523659" connectionDb=hq connectionID=3051 error="nothing to commit" queryTime="2026-04-20 21:05:36.817796187 -0500 CDT m=+67.478512541"
time="2026-04-20T21:05:36-05:00" level=warning msg="error running query" connectTime="2026-04-20 21:05:35.257012604 -0500 CDT m=+65.917728948" connectionDb=hq connectionID=2988 error="unknown push error; no common ancestor" queryTime="2026-04-20 21:05:36.980306945 -0500 CDT m=+67.641023289"
time="2026-04-20T21:05:37-05:00" level=warning msg="error running query" connectTime="2026-04-20 21:05:37.064637264 -0500 CDT m=+67.725353608" connectionDb=hq connectionID=3058 error="nothing to commit" queryTime="2026-04-20 21:05:37.072713032 -0500 CDT m=+67.733429366"
time="2026-04-20T21:05:37-05:00" level=warning msg="error running query" connectTime="2026-04-20 21:05:36.289970041 -0500 CDT m=+66.950686385" connectionDb=hq connectionID=3016 error="unknown push error; no common ancestor" queryTime="2026-04-20 21:05:37.986203227 -0500 CDT m=+68.646919581"
time="2026-04-20T21:05:38-05:00" level=warning msg="error running query" connectTime="2026-04-20 21:05:38.293769595 -0500 CDT m=+68.954485939" connectionDb=hq connectionID=3084 error="nothing to commit" queryTime="2026-04-20 21:05:38.300996569 -0500 CDT m=+68.961712913"
time="2026-04-20T21:05:38-05:00" level=warning msg="error running query" connectTime="2026-04-20 21:05:36.654635313 -0500 CDT m=+67.315351657" connectionDb=hq connectionID=3035 error="unknown push error; no common ancestor" queryTime="2026-04-20 21:05:38.362859262 -0500 CDT m=+69.023575616"
time="2026-04-20T21:05:38-05:00" level=warning msg="error running query" connectTime="2026-04-20 21:05:36.788874022 -0500 CDT m=+67.449590366" connectionDb=hq connectionID=3048 error="unknown push error; no common ancestor" queryTime="2026-04-20 21:05:38.53318403 -0500 CDT m=+69.193900384"
time="2026-04-20T21:05:38-05:00" level=warning msg="error running query" connectTime="2026-04-20 21:05:38.581365782 -0500 CDT m=+69.242082126" connectionDb=hq connectionID=3105 error="nothing to commit" queryTime="2026-04-20 21:05:38.59093497 -0500 CDT m=+69.251651304"
time="2026-04-20T21:05:38-05:00" level=warning msg="error running query" connectTime="2026-04-20 21:05:37.005888311 -0500 CDT m=+67.666604655" connectionDb=hq connectionID=3052 error="unknown push error; no common ancestor" queryTime="2026-04-20 21:05:38.630889614 -0500 CDT m=+69.291605968"
time="2026-04-20T21:05:38-05:00" level=warning msg="error running query" connectTime="2026-04-20 21:05:37.110898418 -0500 CDT m=+67.771614762" connectionDb=hq connectionID=3059 error="unknown push error; no common ancestor" queryTime="2026-04-20 21:05:38.724591144 -0500 CDT m=+69.385307488"
time="2026-04-20T21:05:38-05:00" level=warning msg="error running query" connectTime="2026-04-20 21:05:38.728622768 -0500 CDT m=+69.389339112" connectionDb=hq connectionID=3126 error="nothing to commit" queryTime="2026-04-20 21:05:38.738077427 -0500 CDT m=+69.398793781"
time="2026-04-20T21:05:38-05:00" level=warning msg="error running query" connectTime="2026-04-20 21:05:38.854905778 -0500 CDT m=+69.515622122" connectionDb=hq connectionID=3150 error="nothing to commit" queryTime="2026-04-20 21:05:38.862555459 -0500 CDT m=+69.523271803"
time="2026-04-20T21:05:38-05:00" level=warning msg="error running query" connectTime="2026-04-20 21:05:38.873187301 -0500 CDT m=+69.533903645" connectionDb=hq connectionID=3156 error="nothing to commit" queryTime="2026-04-20 21:05:38.883662784 -0500 CDT m=+69.544379138"
time="2026-04-20T21:05:39-05:00" level=warning msg="error running query" connectTime="2026-04-20 21:05:37.409880491 -0500 CDT m=+68.070596835" connectionDb=hq connectionID=3060 error="unknown push error; no common ancestor" queryTime="2026-04-20 21:05:39.012149421 -0500 CDT m=+69.672865765"
time="2026-04-20T21:05:39-05:00" level=warning msg="error running query" connectTime="2026-04-20 21:05:39.138541381 -0500 CDT m=+69.799257715" connectionDb=hq connectionID=3179 error="nothing to commit" queryTime="2026-04-20 21:05:39.146731778 -0500 CDT m=+69.807448132"
time="2026-04-20T21:05:39-05:00" level=warning msg="error running query" connectTime="2026-04-20 21:05:39.343469037 -0500 CDT m=+70.004185371" connectionDb=hq connectionID=3205 error="nothing to commit" queryTime="2026-04-20 21:05:39.351970453 -0500 CDT m=+70.012686797"
time="2026-04-20T21:05:39-05:00" level=warning msg="error running query" connectTime="2026-04-20 21:05:39.468016079 -0500 CDT m=+70.128732413" connectionDb=hq connectionID=3214 error="nothing to commit" queryTime="2026-04-20 21:05:39.474889105 -0500 CDT m=+70.135605449"
time="2026-04-20T21:05:39-05:00" level=warning msg="error running query" connectTime="2026-04-20 21:05:39.856802457 -0500 CDT m=+70.517518791" connectionDb=hq connectionID=3241 error="nothing to commit" queryTime="2026-04-20 21:05:39.862882008 -0500 CDT m=+70.523598372"
time="2026-04-20T21:05:40-05:00" level=warning msg="error running query" connectTime="2026-04-20 21:05:38.919941422 -0500 CDT m=+69.580657756" connectionDb=hq connectionID=3160 error="unknown push error; no common ancestor" queryTime="2026-04-20 21:05:40.690125187 -0500 CDT m=+71.350841531"
time="2026-04-20T21:05:40-05:00" level=warning msg="error running query" connectTime="2026-04-20 21:05:39.077330643 -0500 CDT m=+69.738046977" connectionDb=hq connectionID=3172 error="unknown push error; no common ancestor" queryTime="2026-04-20 21:05:40.828282982 -0500 CDT m=+71.488999326"
time="2026-04-20T21:05:40-05:00" level=warning msg="error running query" connectTime="2026-04-20 21:05:40.900673918 -0500 CDT m=+71.561390252" connectionDb=hq connectionID=3248 error="nothing to commit" queryTime="2026-04-20 21:05:40.906864998 -0500 CDT m=+71.567581332"
time="2026-04-20T21:05:40-05:00" level=warning msg="error running query" connectTime="2026-04-20 21:05:40.911941276 -0500 CDT m=+71.572657620" connectionDb=hq connectionID=3251 error="nothing to commit" queryTime="2026-04-20 21:05:40.920772219 -0500 CDT m=+71.581488553"
time="2026-04-20T21:05:40-05:00" level=warning msg="error running query" connectTime="2026-04-20 21:05:39.172010766 -0500 CDT m=+69.832727110" connectionDb=hq connectionID=3180 error="unknown push error; no common ancestor" queryTime="2026-04-20 21:05:40.9331561 -0500 CDT m=+71.593872454"
time="2026-04-20T21:05:41-05:00" level=warning msg="error running query" connectTime="2026-04-20 21:05:39.220314406 -0500 CDT m=+69.881030750" connectionDb=hq connectionID=3187 error="unknown push error; no common ancestor" queryTime="2026-04-20 21:05:41.01586274 -0500 CDT m=+71.676579074"
time="2026-04-20T21:05:41-05:00" level=warning msg="error running query" connectTime="2026-04-20 21:05:41.015651271 -0500 CDT m=+71.676367605" connectionDb=hq connectionID=3257 error="nothing to commit" queryTime="2026-04-20 21:05:41.025297859 -0500 CDT m=+71.686014193"
time="2026-04-20T21:05:41-05:00" level=warning msg="error running query" connectTime="2026-04-20 21:05:41.054190064 -0500 CDT m=+71.714906408" connectionDb=hq connectionID=3260 error="nothing to commit" queryTime="2026-04-20 21:05:41.061819685 -0500 CDT m=+71.722536029"
time="2026-04-20T21:05:41-05:00" level=warning msg="error running query" connectTime="2026-04-20 21:05:39.478890539 -0500 CDT m=+70.139606883" connectionDb=hq connectionID=3217 error="unknown push error; no common ancestor" queryTime="2026-04-20 21:05:41.154167224 -0500 CDT m=+71.814883568"
time="2026-04-20T21:05:41-05:00" level=warning msg="error running query" connectTime="2026-04-20 21:05:41.257865089 -0500 CDT m=+71.918581423" connectionDb=hq connectionID=3267 error="nothing to commit" queryTime="2026-04-20 21:05:41.267177329 -0500 CDT m=+71.927893673"
time="2026-04-20T21:05:41-05:00" level=warning msg="error running query" connectTime="2026-04-20 21:05:39.658597978 -0500 CDT m=+70.319314312" connectionDb=hq connectionID=3225 error="unknown push error; no common ancestor" queryTime="2026-04-20 21:05:41.375444846 -0500 CDT m=+72.036161190"
time="2026-04-20T21:05:41-05:00" level=warning msg="error running query" connectTime="2026-04-20 21:05:41.416048816 -0500 CDT m=+72.076765160" connectionDb=hq connectionID=3272 error="nothing to commit" queryTime="2026-04-20 21:05:41.42318109 -0500 CDT m=+72.083897434"
time="2026-04-20T21:05:41-05:00" level=warning msg="error running query" connectTime="2026-04-20 21:05:39.76743055 -0500 CDT m=+70.428146894" connectionDb=hq connectionID=3232 error="unknown push error; no common ancestor" queryTime="2026-04-20 21:05:41.504510259 -0500 CDT m=+72.165226603"
time="2026-04-20T21:05:41-05:00" level=warning msg="error running query" connectTime="2026-04-20 21:05:41.547252885 -0500 CDT m=+72.207969229" connectionDb=hq connectionID=3275 error="nothing to commit" queryTime="2026-04-20 21:05:41.554084701 -0500 CDT m=+72.214801045"
time="2026-04-20T21:05:41-05:00" level=warning msg="error running query" connectTime="2026-04-20 21:05:40.176523188 -0500 CDT m=+70.837239532" connectionDb=hq connectionID=3242 error="unknown push error; no common ancestor" queryTime="2026-04-20 21:05:41.804241948 -0500 CDT m=+72.464958312"
time="2026-04-20T21:05:41-05:00" level=warning msg="error running query" connectTime="2026-04-20 21:05:41.835882546 -0500 CDT m=+72.496598880" connectionDb=hq connectionID=3280 error="nothing to commit" queryTime="2026-04-20 21:05:41.843679526 -0500 CDT m=+72.504395860"
time="2026-04-20T21:05:42-05:00" level=warning msg="error running query" connectTime="2026-04-20 21:05:41.222992673 -0500 CDT m=+71.883709007" connectionDb=hq connectionID=3264 error="unknown push error; no common ancestor" queryTime="2026-04-20 21:05:42.915499149 -0500 CDT m=+73.576215483"
time="2026-04-20T21:05:42-05:00" level=warning msg="error running query" connectTime="2026-04-20 21:05:41.314118489 -0500 CDT m=+71.974834833" connectionDb=hq connectionID=3268 error="unknown push error; no common ancestor" queryTime="2026-04-20 21:05:42.991516692 -0500 CDT m=+73.652233036"
time="2026-04-20T21:05:42-05:00" level=warning msg="error running query" connectTime="2026-04-20 21:05:42.98861804 -0500 CDT m=+73.649334374" connectionDb=hq connectionID=3297 error="nothing to commit" queryTime="2026-04-20 21:05:42.996257011 -0500 CDT m=+73.656973365"
time="2026-04-20T21:05:43-05:00" level=warning msg="error running query" connectTime="2026-04-20 21:05:43.059084839 -0500 CDT m=+73.719801183" connectionDb=hq connectionID=3306 error="nothing to commit" queryTime="2026-04-20 21:05:43.066114714 -0500 CDT m=+73.726831058"
time="2026-04-20T21:05:43-05:00" level=warning msg="error running query" connectTime="2026-04-20 21:05:41.366886691 -0500 CDT m=+72.027603035" connectionDb=hq connectionID=3269 error="unknown push error; no common ancestor" queryTime="2026-04-20 21:05:43.093635788 -0500 CDT m=+73.754352142"
time="2026-04-20T21:05:43-05:00" level=warning msg="error running query" connectTime="2026-04-20 21:05:43.209134598 -0500 CDT m=+73.869850942" connectionDb=hq connectionID=3318 error="nothing to commit" queryTime="2026-04-20 21:05:43.217958341 -0500 CDT m=+73.878674675"
time="2026-04-20T21:05:43-05:00" level=warning msg="error running query" connectTime="2026-04-20 21:05:41.620335167 -0500 CDT m=+72.281051511" connectionDb=hq connectionID=3276 error="unknown push error; no common ancestor" queryTime="2026-04-20 21:05:43.340727905 -0500 CDT m=+74.001444249"
time="2026-04-20T21:05:43-05:00" level=warning msg="error running query" connectTime="2026-04-20 21:05:41.766160322 -0500 CDT m=+72.426876666" connectionDb=hq connectionID=3277 error="unknown push error; no common ancestor" queryTime="2026-04-20 21:05:43.381952691 -0500 CDT m=+74.042669025"
time="2026-04-20T21:05:43-05:00" level=warning msg="error running query" connectTime="2026-04-20 21:05:43.424882556 -0500 CDT m=+74.085598900" connectionDb=hq connectionID=3326 error="nothing to commit" queryTime="2026-04-20 21:05:43.431580983 -0500 CDT m=+74.092297317"
time="2026-04-20T21:05:43-05:00" level=warning msg="error running query" connectTime="2026-04-20 21:05:41.865818534 -0500 CDT m=+72.526534878" connectionDb=hq connectionID=3281 error="unknown push error; no common ancestor" queryTime="2026-04-20 21:05:43.492517242 -0500 CDT m=+74.153233586"
time="2026-04-20T21:05:43-05:00" level=warning msg="error running query" connectTime="2026-04-20 21:05:43.528253613 -0500 CDT m=+74.188970077" connectionDb=hq connectionID=3336 error="nothing to commit" queryTime="2026-04-20 21:05:43.535928244 -0500 CDT m=+74.196644598"
time="2026-04-20T21:05:43-05:00" level=warning msg="error running query" connectTime="2026-04-20 21:05:43.572413481 -0500 CDT m=+74.233129825" connectionDb=hq connectionID=3339 error="nothing to commit" queryTime="2026-04-20 21:05:43.580145931 -0500 CDT m=+74.240862275"
time="2026-04-20T21:05:43-05:00" level=warning msg="error running query" connectTime="2026-04-20 21:05:42.152530087 -0500 CDT m=+72.813246441" connectionDb=hq connectionID=3282 error="unknown push error; no common ancestor" queryTime="2026-04-20 21:05:43.75676655 -0500 CDT m=+74.417482894"
time="2026-04-20T21:05:43-05:00" level=warning msg="error running query" connectTime="2026-04-20 21:05:43.791561207 -0500 CDT m=+74.452277541" connectionDb=hq connectionID=3343 error="nothing to commit" queryTime="2026-04-20 21:05:43.798346953 -0500 CDT m=+74.459063297"
time="2026-04-20T21:05:44-05:00" level=warning msg="error running query" connectTime="2026-04-20 21:05:43.294295252 -0500 CDT m=+73.955011606" connectionDb=hq connectionID=3319 error="unknown push error; no common ancestor" queryTime="2026-04-20 21:05:44.916841649 -0500 CDT m=+75.577558003"
time="2026-04-20T21:05:44-05:00" level=warning msg="error running query" connectTime="2026-04-20 21:05:44.926460977 -0500 CDT m=+75.587177311" connectionDb=hq connectionID=3355 error="nothing to commit" queryTime="2026-04-20 21:05:44.93385492 -0500 CDT m=+75.594571254"
time="2026-04-20T21:05:44-05:00" level=warning msg="error running query" connectTime="2026-04-20 21:05:43.332228269 -0500 CDT m=+73.992944613" connectionDb=hq connectionID=3320 error="unknown push error; no common ancestor" queryTime="2026-04-20 21:05:44.954768916 -0500 CDT m=+75.615485260"
time="2026-04-20T21:05:44-05:00" level=warning msg="error running query" connectTime="2026-04-20 21:05:44.987470087 -0500 CDT m=+75.648186421" connectionDb=hq connectionID=3364 error="nothing to commit" queryTime="2026-04-20 21:05:44.994196534 -0500 CDT m=+75.654912868"
time="2026-04-20T21:05:45-05:00" level=warning msg="error running query" connectTime="2026-04-20 21:05:45.028684523 -0500 CDT m=+75.689400867" connectionDb=hq connectionID=3367 error="nothing to commit" queryTime="2026-04-20 21:05:45.039015517 -0500 CDT m=+75.699731871"
time="2026-04-20T21:05:45-05:00" level=warning msg="error running query" connectTime="2026-04-20 21:05:43.517300854 -0500 CDT m=+74.178017188" connectionDb=hq connectionID=3330 error="unknown push error; no common ancestor" queryTime="2026-04-20 21:05:45.151820094 -0500 CDT m=+75.812536438"
time="2026-04-20T21:05:45-05:00" level=warning msg="error running query" connectTime="2026-04-20 21:05:45.189219185 -0500 CDT m=+75.849935529" connectionDb=hq connectionID=3370 error="nothing to commit" queryTime="2026-04-20 21:05:45.196356539 -0500 CDT m=+75.857072883"
time="2026-04-20T21:05:45-05:00" level=warning msg="error running query" connectTime="2026-04-20 21:05:43.751819431 -0500 CDT m=+74.412535785" connectionDb=hq connectionID=3340 error="unknown push error; no common ancestor" queryTime="2026-04-20 21:05:45.36009296 -0500 CDT m=+76.020809314"
time="2026-04-20T21:05:45-05:00" level=warning msg="error running query" connectTime="2026-04-20 21:05:45.449306219 -0500 CDT m=+76.110022563" connectionDb=hq connectionID=3379 error="nothing to commit" queryTime="2026-04-20 21:05:45.456495043 -0500 CDT m=+76.117211387"
time="2026-04-20T21:05:45-05:00" level=warning msg="error running query" connectTime="2026-04-20 21:05:43.850253831 -0500 CDT m=+74.510970175" connectionDb=hq connectionID=3344 error="unknown push error; no common ancestor" queryTime="2026-04-20 21:05:45.485532017 -0500 CDT m=+76.146248361"
time="2026-04-20T21:05:45-05:00" level=warning msg="error running query" connectTime="2026-04-20 21:05:43.899137618 -0500 CDT m=+74.559853962" connectionDb=hq connectionID=3345 error="unknown push error; no common ancestor" queryTime="2026-04-20 21:05:45.49905012 -0500 CDT m=+76.159766464"
time="2026-04-20T21:05:45-05:00" level=warning msg="error running query" connectTime="2026-04-20 21:05:45.524658086 -0500 CDT m=+76.185374430" connectionDb=hq connectionID=3383 error="nothing to commit" queryTime="2026-04-20 21:05:45.533803068 -0500 CDT m=+76.194519402"
time="2026-04-20T21:05:45-05:00" level=warning msg="error running query" connectTime="2026-04-20 21:05:44.096938551 -0500 CDT m=+74.757654895" connectionDb=hq connectionID=3346 error="unknown push error; no common ancestor" queryTime="2026-04-20 21:05:45.717364972 -0500 CDT m=+76.378081316"
time="2026-04-20T21:05:45-05:00" level=warning msg="error running query" connectTime="2026-04-20 21:05:45.75982453 -0500 CDT m=+76.420540874" connectionDb=hq connectionID=3386 error="nothing to commit" queryTime="2026-04-20 21:05:45.766688686 -0500 CDT m=+76.427405030"
time="2026-04-20T21:05:46-05:00" level=warning msg="error running query" connectTime="2026-04-20 21:05:45.228484153 -0500 CDT m=+75.889200507" connectionDb=hq connectionID=3371 error="unknown push error; no common ancestor" queryTime="2026-04-20 21:05:46.841832681 -0500 CDT m=+77.502549015"
time="2026-04-20T21:05:46-05:00" level=warning msg="error running query" connectTime="2026-04-20 21:05:45.285083261 -0500 CDT m=+75.945799595" connectionDb=hq connectionID=3372 error="unknown push error; no common ancestor" queryTime="2026-04-20 21:05:46.868379631 -0500 CDT m=+77.529095975"
time="2026-04-20T21:05:46-05:00" level=warning msg="error running query" connectTime="2026-04-20 21:05:46.88895139 -0500 CDT m=+77.549667734" connectionDb=hq connectionID=3398 error="nothing to commit" queryTime="2026-04-20 21:05:46.897347956 -0500 CDT m=+77.558064300"
time="2026-04-20T21:05:46-05:00" level=warning msg="error running query" connectTime="2026-04-20 21:05:45.317686902 -0500 CDT m=+75.978403246" connectionDb=hq connectionID=3373 error="unknown push error; no common ancestor" queryTime="2026-04-20 21:05:46.909684477 -0500 CDT m=+77.570400821"
time="2026-04-20T21:05:46-05:00" level=warning msg="error running query" connectTime="2026-04-20 21:05:46.978304067 -0500 CDT m=+77.639020401" connectionDb=hq connectionID=3407 error="nothing to commit" queryTime="2026-04-20 21:05:46.985097374 -0500 CDT m=+77.645813728"
time="2026-04-20T21:05:47-05:00" level=warning msg="error running query" connectTime="2026-04-20 21:05:47.003268358 -0500 CDT m=+77.663984702" connectionDb=hq connectionID=3410 error="nothing to commit" queryTime="2026-04-20 21:05:47.009788556 -0500 CDT m=+77.670504900"
time="2026-04-20T21:05:47-05:00" level=warning msg="error running query" connectTime="2026-04-20 21:05:45.517449023 -0500 CDT m=+76.178165367" connectionDb=hq connectionID=3380 error="unknown push error; no common ancestor" queryTime="2026-04-20 21:05:47.116705541 -0500 CDT m=+77.777421875"
time="2026-04-20T21:05:47-05:00" level=warning msg="error running query" connectTime="2026-04-20 21:05:45.765167116 -0500 CDT m=+76.425883450" connectionDb=hq connectionID=3387 error="unknown push error; no common ancestor" queryTime="2026-04-20 21:05:47.464458975 -0500 CDT m=+78.125175319"
time="2026-04-20T21:05:47-05:00" level=warning msg="error running query" connectTime="2026-04-20 21:05:45.869809656 -0500 CDT m=+76.530526000" connectionDb=hq connectionID=3388 error="unknown push error; no common ancestor" queryTime="2026-04-20 21:05:47.477776949 -0500 CDT m=+78.138493293"
time="2026-04-20T21:05:47-05:00" level=warning msg="error running query" connectTime="2026-04-20 21:05:47.570469986 -0500 CDT m=+78.231186380" connectionDb=hq connectionID=3421 error="nothing to commit" queryTime="2026-04-20 21:05:47.581218477 -0500 CDT m=+78.241934831"
time="2026-04-20T21:05:47-05:00" level=warning msg="error running query" connectTime="2026-04-20 21:05:46.062488432 -0500 CDT m=+76.723204776" connectionDb=hq connectionID=3392 error="unknown push error; no common ancestor" queryTime="2026-04-20 21:05:47.720111478 -0500 CDT m=+78.380827822"
time="2026-04-20T21:05:48-05:00" level=warning msg="error running query" connectTime="2026-04-20 21:05:48.42256285 -0500 CDT m=+79.083279194" connectionDb=hq connectionID=3494 error="nothing to commit" queryTime="2026-04-20 21:05:48.42884919 -0500 CDT m=+79.089565524"
time="2026-04-20T21:05:48-05:00" level=warning msg="error running query" connectTime="2026-04-20 21:05:48.810345918 -0500 CDT m=+79.471062262" connectionDb=veloxide connectionID=3511 error="error: the table(s) issues are in conflict" queryTime="2026-04-20 21:05:48.828196534 -0500 CDT m=+79.488912878"
time="2026-04-20T21:05:48-05:00" level=warning msg="error running query" connectTime="2026-04-20 21:05:47.313513531 -0500 CDT m=+77.974229865" connectionDb=hq connectionID=3415 error="unknown push error; no common ancestor" queryTime="2026-04-20 21:05:48.91619699 -0500 CDT m=+79.576913334"
time="2026-04-20T21:05:48-05:00" level=warning msg="error running query" connectTime="2026-04-20 21:05:47.303606624 -0500 CDT m=+77.964322968" connectionDb=hq connectionID=3414 error="unknown push error; no common ancestor" queryTime="2026-04-20 21:05:48.922560309 -0500 CDT m=+79.583276653"
time="2026-04-20T21:05:49-05:00" level=warning msg="error running query" connectTime="2026-04-20 21:05:49.021557156 -0500 CDT m=+79.682273500" connectionDb=hq connectionID=3530 error="nothing to commit" queryTime="2026-04-20 21:05:49.029781213 -0500 CDT m=+79.690497557"
time="2026-04-20T21:05:49-05:00" level=warning msg="error running query" connectTime="2026-04-20 21:05:49.021685005 -0500 CDT m=+79.682401349" connectionDb=hq connectionID=3531 error="nothing to commit" queryTime="2026-04-20 21:05:49.032041319 -0500 CDT m=+79.692757653"
time="2026-04-20T21:05:49-05:00" level=warning msg="error running query" connectTime="2026-04-20 21:05:47.937047629 -0500 CDT m=+78.597763973" connectionDb=hq connectionID=3446 error="unknown push error; no common ancestor" queryTime="2026-04-20 21:05:49.71140856 -0500 CDT m=+80.372124904"
time="2026-04-20T21:05:49-05:00" level=warning msg="error running query" connectTime="2026-04-20 21:05:49.793023787 -0500 CDT m=+80.453740131" connectionDb=hq connectionID=3597 error="nothing to commit" queryTime="2026-04-20 21:05:49.800530979 -0500 CDT m=+80.461247323"
time="2026-04-20T21:05:50-05:00" level=warning msg="error running query" connectTime="2026-04-20 21:05:50.266250558 -0500 CDT m=+80.926966912" connectionDb=hq connectionID=3643 error="nothing to commit" queryTime="2026-04-20 21:05:50.280960394 -0500 CDT m=+80.941676738"
time="2026-04-20T21:05:50-05:00" level=warning msg="error running query" connectTime="2026-04-20 21:05:48.72875552 -0500 CDT m=+79.389471854" connectionDb=hq connectionID=3507 error="unknown push error; no common ancestor" queryTime="2026-04-20 21:05:50.454850181 -0500 CDT m=+81.115566525"
time="2026-04-20T21:05:50-05:00" level=warning msg="error running query" connectTime="2026-04-20 21:05:50.521221996 -0500 CDT m=+81.181938340" connectionDb=hq connectionID=3659 error="nothing to commit" queryTime="2026-04-20 21:05:50.538813984 -0500 CDT m=+81.199530338"
time="2026-04-20T21:05:50-05:00" level=warning msg="error running query" connectTime="2026-04-20 21:05:50.792775808 -0500 CDT m=+81.453492152" connectionDb=hq connectionID=3678 error="nothing to commit" queryTime="2026-04-20 21:05:50.800213691 -0500 CDT m=+81.460930045"
time="2026-04-20T21:05:51-05:00" level=warning msg="error running query" connectTime="2026-04-20 21:05:49.292473481 -0500 CDT m=+79.953189825" connectionDb=hq connectionID=3546 error="unknown push error; no common ancestor" queryTime="2026-04-20 21:05:51.035273016 -0500 CDT m=+81.695989360"
time="2026-04-20T21:05:51-05:00" level=warning msg="error running query" connectTime="2026-04-20 21:05:49.245167004 -0500 CDT m=+79.905883338" connectionDb=hq connectionID=3542 error="unknown push error; no common ancestor" queryTime="2026-04-20 21:05:51.037485692 -0500 CDT m=+81.698202036"
time="2026-04-20T21:05:51-05:00" level=warning msg="error running query" connectTime="2026-04-20 21:05:51.125102861 -0500 CDT m=+81.785819205" connectionDb=hq connectionID=3702 error="nothing to commit" queryTime="2026-04-20 21:05:51.134348492 -0500 CDT m=+81.795064836"
time="2026-04-20T21:05:51-05:00" level=warning msg="error running query" connectTime="2026-04-20 21:05:51.12687 -0500 CDT m=+81.787586344" connectionDb=hq connectionID=3703 error="nothing to commit" queryTime="2026-04-20 21:05:51.138624464 -0500 CDT m=+81.799340798"
time="2026-04-20T21:05:51-05:00" level=warning msg="error running query" connectTime="2026-04-20 21:05:51.469209859 -0500 CDT m=+82.129926293" connectionDb=hq connectionID=3717 error="nothing to commit" queryTime="2026-04-20 21:05:51.475472959 -0500 CDT m=+82.136189303"
time="2026-04-20T21:05:51-05:00" level=warning msg="error running query" connectTime="2026-04-20 21:05:49.957121347 -0500 CDT m=+80.617837691" connectionDb=hq connectionID=3613 error="unknown push error; no common ancestor" queryTime="2026-04-20 21:05:51.578181621 -0500 CDT m=+82.238897965"
time="2026-04-20T21:05:51-05:00" level=warning msg="error running query" connectTime="2026-04-20 21:05:51.682588433 -0500 CDT m=+82.343304767" connectionDb=hq connectionID=3727 error="nothing to commit" queryTime="2026-04-20 21:05:51.691794114 -0500 CDT m=+82.352510458"
time="2026-04-20T21:05:52-05:00" level=warning msg="error running query" connectTime="2026-04-20 21:05:50.48001756 -0500 CDT m=+81.140733894" connectionDb=hq connectionID=3653 error="unknown push error; no common ancestor" queryTime="2026-04-20 21:05:52.205168089 -0500 CDT m=+82.865884423"
time="2026-04-20T21:05:52-05:00" level=warning msg="error running query" connectTime="2026-04-20 21:05:52.237016005 -0500 CDT m=+82.897732349" connectionDb=hq connectionID=3731 error="nothing to commit" queryTime="2026-04-20 21:05:52.243256355 -0500 CDT m=+82.903972699"
time="2026-04-20T21:05:52-05:00" level=warning msg="error running query" connectTime="2026-04-20 21:05:50.77990886 -0500 CDT m=+81.440625204" connectionDb=hq connectionID=3675 error="unknown push error; no common ancestor" queryTime="2026-04-20 21:05:52.422661577 -0500 CDT m=+83.083377931"
time="2026-04-20T21:05:52-05:00" level=warning msg="error running query" connectTime="2026-04-20 21:05:52.462271394 -0500 CDT m=+83.122987738" connectionDb=hq connectionID=3735 error="nothing to commit" queryTime="2026-04-20 21:05:52.468073307 -0500 CDT m=+83.128789651"
time="2026-04-20T21:05:52-05:00" level=warning msg="error running query" connectTime="2026-04-20 21:05:50.934843489 -0500 CDT m=+81.595559833" connectionDb=hq connectionID=3685 error="unknown push error; no common ancestor" queryTime="2026-04-20 21:05:52.559608661 -0500 CDT m=+83.220324995"
time="2026-04-20T21:05:52-05:00" level=warning msg="error running query" connectTime="2026-04-20 21:05:52.59409022 -0500 CDT m=+83.254806554" connectionDb=hq connectionID=3738 error="nothing to commit" queryTime="2026-04-20 21:05:52.601216095 -0500 CDT m=+83.261932439"
time="2026-04-20T21:05:52-05:00" level=warning msg="error running query" connectTime="2026-04-20 21:05:51.282420334 -0500 CDT m=+81.943136668" connectionDb=hq connectionID=3707 error="unknown push error; no common ancestor" queryTime="2026-04-20 21:05:52.842734549 -0500 CDT m=+83.503450883"
time="2026-04-20T21:05:52-05:00" level=warning msg="error running query" connectTime="2026-04-20 21:05:52.918662113 -0500 CDT m=+83.579378457" connectionDb=hq connectionID=3752 error="nothing to commit" queryTime="2026-04-20 21:05:52.926014596 -0500 CDT m=+83.586730940"
time="2026-04-20T21:05:52-05:00" level=warning msg="error running query" connectTime="2026-04-20 21:05:51.312039815 -0500 CDT m=+81.972756149" connectionDb=hq connectionID=3711 error="unknown push error; no common ancestor" queryTime="2026-04-20 21:05:52.927718285 -0500 CDT m=+83.588434629"
time="2026-04-20T21:05:53-05:00" level=warning msg="error running query" connectTime="2026-04-20 21:05:53.00510515 -0500 CDT m=+83.665821764" connectionDb=hq connectionID=3761 error="nothing to commit" queryTime="2026-04-20 21:05:53.011266401 -0500 CDT m=+83.671982745"
time="2026-04-20T21:05:53-05:00" level=warning msg="error running query" connectTime="2026-04-20 21:05:51.669505027 -0500 CDT m=+82.330221361" connectionDb=hq connectionID=3724 error="unknown push error; no common ancestor" queryTime="2026-04-20 21:05:53.287320825 -0500 CDT m=+83.948037169"
time="2026-04-20T21:05:53-05:00" level=warning msg="error running query" connectTime="2026-04-20 21:05:51.868588953 -0500 CDT m=+82.529305297" connectionDb=hq connectionID=3728 error="unknown push error; no common ancestor" queryTime="2026-04-20 21:05:53.470096715 -0500 CDT m=+84.130813069"
time="2026-04-20T21:05:53-05:00" level=warning msg="error running query" connectTime="2026-04-20 21:05:53.572351911 -0500 CDT m=+84.233068255" connectionDb=hq connectionID=3775 error="nothing to commit" queryTime="2026-04-20 21:05:53.581678281 -0500 CDT m=+84.242394615"
time="2026-04-20T21:05:54-05:00" level=warning msg="error running query" connectTime="2026-04-20 21:05:52.384006115 -0500 CDT m=+83.044722459" connectionDb=hq connectionID=3732 error="unknown push error; no common ancestor" queryTime="2026-04-20 21:05:54.064463132 -0500 CDT m=+84.725179466"
time="2026-04-20T21:05:54-05:00" level=warning msg="error running query" connectTime="2026-04-20 21:05:54.230156112 -0500 CDT m=+84.890872446" connectionDb=hq connectionID=3785 error="nothing to commit" queryTime="2026-04-20 21:05:54.235435738 -0500 CDT m=+84.896152092"
time="2026-04-20T21:05:54-05:00" level=warning msg="error running query" connectTime="2026-04-20 21:05:52.648559152 -0500 CDT m=+83.309275506" connectionDb=hq connectionID=3739 error="unknown push error; no common ancestor" queryTime="2026-04-20 21:05:54.405275622 -0500 CDT m=+85.065991966"
time="2026-04-20T21:05:54-05:00" level=warning msg="error running query" connectTime="2026-04-20 21:05:54.437248877 -0500 CDT m=+85.097965221" connectionDb=hq connectionID=3789 error="nothing to commit" queryTime="2026-04-20 21:05:54.443047 -0500 CDT m=+85.103763344"
time="2026-04-20T21:05:54-05:00" level=warning msg="error running query" connectTime="2026-04-20 21:05:52.748373753 -0500 CDT m=+83.409090097" connectionDb=hq connectionID=3740 error="unknown push error; no common ancestor" queryTime="2026-04-20 21:05:54.470339626 -0500 CDT m=+85.131055980"
time="2026-04-20T21:05:54-05:00" level=warning msg="error running query" connectTime="2026-04-20 21:05:54.503790792 -0500 CDT m=+85.164507126" connectionDb=hq connectionID=3792 error="nothing to commit" queryTime="2026-04-20 21:05:54.511453422 -0500 CDT m=+85.172169766"
Starting server with Config HP="localhost:3307"|T="300000"|R="false"|L="warning"|S="/tmp/mysql.sock"
time="2026-04-20T21:06:28-05:00" level=warning msg="secure_file_priv is set to \"\", which is insecure."
time="2026-04-20T21:06:28-05:00" level=warning msg="Any user with GRANT FILE privileges will be able to read any file which the sql-server process can read."
time="2026-04-20T21:06:28-05:00" level=warning msg="Please consider restarting the server with secure_file_priv set to a safe (or non-existent) directory."
time="2026-04-20T21:06:29-05:00" level=warning msg="error running query" connectTime="2026-04-20 21:06:29.10180361 -0500 CDT m=+0.696901330" connectionDb=hq connectionID=17 error="nothing to commit" queryTime="2026-04-20 21:06:29.108271359 -0500 CDT m=+0.703369069"
time="2026-04-20T21:06:29-05:00" level=warning msg="error running query" connectTime="2026-04-20 21:06:29.101441722 -0500 CDT m=+0.696539432" connectionDb=hq connectionID=16 error="nothing to commit" queryTime="2026-04-20 21:06:29.111048051 -0500 CDT m=+0.706145771"
time="2026-04-20T21:06:29-05:00" level=warning msg="error running query" connectTime="2026-04-20 21:06:29.139912857 -0500 CDT m=+0.735010577" connectionDb=hq connectionID=20 error="nothing to commit" queryTime="2026-04-20 21:06:29.149180798 -0500 CDT m=+0.744278518"
time="2026-04-20T21:06:29-05:00" level=warning msg="error running query" connectTime="2026-04-20 21:06:29.256080487 -0500 CDT m=+0.851178207" connectionDb=hq connectionID=28 error="nothing to commit" queryTime="2026-04-20 21:06:29.26176482 -0500 CDT m=+0.856862550"
time="2026-04-20T21:06:29-05:00" level=warning msg="error running query" connectTime="2026-04-20 21:06:29.304853576 -0500 CDT m=+0.899951296" connectionDb=hq connectionID=35 error="nothing to commit" queryTime="2026-04-20 21:06:29.312294648 -0500 CDT m=+0.907392368"
time="2026-04-20T21:06:29-05:00" level=warning msg="error running query" connectTime="2026-04-20 21:06:29.369601043 -0500 CDT m=+0.964698753" connectionDb=hq connectionID=38 error="nothing to commit" queryTime="2026-04-20 21:06:29.375965353 -0500 CDT m=+0.971063073"
time="2026-04-20T21:06:29-05:00" level=warning msg="error running query" connectTime="2026-04-20 21:06:29.4376228 -0500 CDT m=+1.032720520" connectionDb=hq connectionID=44 error="nothing to commit" queryTime="2026-04-20 21:06:29.443683421 -0500 CDT m=+1.038781141"
time="2026-04-20T21:06:29-05:00" level=warning msg="error running query" connectTime="2026-04-20 21:06:29.505271839 -0500 CDT m=+1.100369559" connectionDb=hq connectionID=52 error="nothing to commit" queryTime="2026-04-20 21:06:29.511104582 -0500 CDT m=+1.106202302"
time="2026-04-20T21:06:29-05:00" level=warning msg="error running query" connectTime="2026-04-20 21:06:29.55527541 -0500 CDT m=+1.150373120" connectionDb=hq connectionID=59 error="nothing to commit" queryTime="2026-04-20 21:06:29.560825035 -0500 CDT m=+1.155922755"
time="2026-04-20T21:06:29-05:00" level=warning msg="error running query" connectTime="2026-04-20 21:06:29.598880352 -0500 CDT m=+1.193978072" connectionDb=hq connectionID=62 error="nothing to commit" queryTime="2026-04-20 21:06:29.606435664 -0500 CDT m=+1.201533374"
time="2026-04-20T21:06:29-05:00" level=warning msg="error running query" connectTime="2026-04-20 21:06:29.687464818 -0500 CDT m=+1.282562528" connectionDb=hq connectionID=68 error="nothing to commit" queryTime="2026-04-20 21:06:29.694677362 -0500 CDT m=+1.289775082"
time="2026-04-20T21:06:29-05:00" level=warning msg="error running query" connectTime="2026-04-20 21:06:29.743245772 -0500 CDT m=+1.338343482" connectionDb=hq connectionID=77 error="nothing to commit" queryTime="2026-04-20 21:06:29.753671496 -0500 CDT m=+1.348769226"
time="2026-04-20T21:06:29-05:00" level=warning msg="error running query" connectTime="2026-04-20 21:06:29.766334795 -0500 CDT m=+1.361432505" connectionDb=hq connectionID=80 error="nothing to commit" queryTime="2026-04-20 21:06:29.776680069 -0500 CDT m=+1.371777779"
time="2026-04-20T21:06:29-05:00" level=warning msg="error running query" connectTime="2026-04-20 21:06:29.887320774 -0500 CDT m=+1.482418494" connectionDb=hq connectionID=90 error="nothing to commit" queryTime="2026-04-20 21:06:29.893605084 -0500 CDT m=+1.488702804"
time="2026-04-20T21:06:29-05:00" level=warning msg="error running query" connectTime="2026-04-20 21:06:29.946377068 -0500 CDT m=+1.541474788" connectionDb=hq connectionID=96 error="nothing to commit" queryTime="2026-04-20 21:06:29.953268174 -0500 CDT m=+1.548365884"
time="2026-04-20T21:06:29-05:00" level=warning msg="error running query" connectTime="2026-04-20 21:06:29.976846304 -0500 CDT m=+1.571944024" connectionDb=hq connectionID=99 error="nothing to commit" queryTime="2026-04-20 21:06:29.984603244 -0500 CDT m=+1.579700954"
time="2026-04-20T21:06:30-05:00" level=warning msg="error running query" connectTime="2026-04-20 21:06:30.116931501 -0500 CDT m=+1.712029221" connectionDb=hq connectionID=111 error="nothing to commit" queryTime="2026-04-20 21:06:30.125191009 -0500 CDT m=+1.720288749"
time="2026-04-20T21:06:30-05:00" level=warning msg="error running query" connectTime="2026-04-20 21:06:30.159656179 -0500 CDT m=+1.754753899" connectionDb=hq connectionID=117 error="nothing to commit" queryTime="2026-04-20 21:06:30.166101468 -0500 CDT m=+1.761199188"
time="2026-04-20T21:06:30-05:00" level=warning msg="error running query" connectTime="2026-04-20 21:06:30.19248017 -0500 CDT m=+1.787577890" connectionDb=hq connectionID=123 error="nothing to commit" queryTime="2026-04-20 21:06:30.199854573 -0500 CDT m=+1.794952283"
time="2026-04-20T21:06:30-05:00" level=warning msg="error running query" connectTime="2026-04-20 21:06:30.331398045 -0500 CDT m=+1.926495765" connectionDb=hq connectionID=138 error="nothing to commit" queryTime="2026-04-20 21:06:30.337925593 -0500 CDT m=+1.933023313"
time="2026-04-20T21:06:30-05:00" level=warning msg="error running query" connectTime="2026-04-20 21:06:30.379595508 -0500 CDT m=+1.974693228" connectionDb=hq connectionID=147 error="nothing to commit" queryTime="2026-04-20 21:06:30.388758089 -0500 CDT m=+1.983855799"
time="2026-04-20T21:06:30-05:00" level=warning msg="error running query" connectTime="2026-04-20 21:06:30.409785815 -0500 CDT m=+2.004883535" connectionDb=hq connectionID=153 error="nothing to commit" queryTime="2026-04-20 21:06:30.418801198 -0500 CDT m=+2.013898928"
time="2026-04-20T21:06:30-05:00" level=warning msg="error running query" connectTime="2026-04-20 21:06:30.538538805 -0500 CDT m=+2.133636515" connectionDb=hq connectionID=165 error="nothing to commit" queryTime="2026-04-20 21:06:30.544823345 -0500 CDT m=+2.139921065"
time="2026-04-20T21:06:30-05:00" level=warning msg="error running query" connectTime="2026-04-20 21:06:30.576739022 -0500 CDT m=+2.171836732" connectionDb=hq connectionID=168 error="nothing to commit" queryTime="2026-04-20 21:06:30.583444399 -0500 CDT m=+2.178542119"
time="2026-04-20T21:06:30-05:00" level=warning msg="error running query" connectTime="2026-04-20 21:06:30.692411634 -0500 CDT m=+2.287509354" connectionDb=hq connectionID=177 error="nothing to commit" queryTime="2026-04-20 21:06:30.699273681 -0500 CDT m=+2.294371401"
time="2026-04-20T21:06:30-05:00" level=warning msg="error running query" connectTime="2026-04-20 21:06:30.742508315 -0500 CDT m=+2.337606035" connectionDb=hq connectionID=186 error="nothing to commit" queryTime="2026-04-20 21:06:30.750053357 -0500 CDT m=+2.345151087"
time="2026-04-20T21:06:30-05:00" level=warning msg="error running query" connectTime="2026-04-20 21:06:30.796270493 -0500 CDT m=+2.391368213" connectionDb=hq connectionID=191 error="nothing to commit" queryTime="2026-04-20 21:06:30.806709606 -0500 CDT m=+2.401807326"
time="2026-04-20T21:06:30-05:00" level=warning msg="error running query" connectTime="2026-04-20 21:06:30.911916536 -0500 CDT m=+2.507014256" connectionDb=hq connectionID=204 error="nothing to commit" queryTime="2026-04-20 21:06:30.918533584 -0500 CDT m=+2.513631304"
time="2026-04-20T21:06:30-05:00" level=warning msg="error running query" connectTime="2026-04-20 21:06:30.962104156 -0500 CDT m=+2.557201876" connectionDb=hq connectionID=210 error="nothing to commit" queryTime="2026-04-20 21:06:30.970275984 -0500 CDT m=+2.565373704"
time="2026-04-20T21:06:30-05:00" level=warning msg="error running query" connectTime="2026-04-20 21:06:30.981604902 -0500 CDT m=+2.576702622" connectionDb=hq connectionID=213 error="nothing to commit" queryTime="2026-04-20 21:06:30.988439278 -0500 CDT m=+2.583536998"
time="2026-04-20T21:06:31-05:00" level=warning msg="error running query" connectTime="2026-04-20 21:06:31.010929775 -0500 CDT m=+2.606027495" connectionDb=hq connectionID=216 error="nothing to commit" queryTime="2026-04-20 21:06:31.016784618 -0500 CDT m=+2.611882348"
time="2026-04-20T21:06:31-05:00" level=warning msg="error running query" connectTime="2026-04-20 21:06:31.09493396 -0500 CDT m=+2.690031680" connectionDb=hq connectionID=222 error="nothing to commit" queryTime="2026-04-20 21:06:31.101775036 -0500 CDT m=+2.696872766"
time="2026-04-20T21:06:31-05:00" level=warning msg="error running query" connectTime="2026-04-20 21:06:31.150226378 -0500 CDT m=+2.745324088" connectionDb=hq connectionID=228 error="nothing to commit" queryTime="2026-04-20 21:06:31.161518166 -0500 CDT m=+2.756615886"
time="2026-04-20T21:06:31-05:00" level=warning msg="error running query" connectTime="2026-04-20 21:06:31.173150021 -0500 CDT m=+2.768247731" connectionDb=hq connectionID=231 error="nothing to commit" queryTime="2026-04-20 21:06:31.179288882 -0500 CDT m=+2.774386592"
time="2026-04-20T21:06:31-05:00" level=warning msg="error running query" connectTime="2026-04-20 21:06:31.241511596 -0500 CDT m=+2.836609316" connectionDb=hq connectionID=240 error="nothing to commit" queryTime="2026-04-20 21:06:31.248433042 -0500 CDT m=+2.843530762"
time="2026-04-20T21:06:31-05:00" level=warning msg="error running query" connectTime="2026-04-20 21:06:31.272364729 -0500 CDT m=+2.867462449" connectionDb=hq connectionID=243 error="nothing to commit" queryTime="2026-04-20 21:06:31.279262615 -0500 CDT m=+2.874360335"
time="2026-04-20T21:06:31-05:00" level=warning msg="error running query" connectTime="2026-04-20 21:06:31.294412459 -0500 CDT m=+2.889510169" connectionDb=hq connectionID=246 error="nothing to commit" queryTime="2026-04-20 21:06:31.302177379 -0500 CDT m=+2.897275089"
time="2026-04-20T21:06:31-05:00" level=warning msg="error running query" connectTime="2026-04-20 21:06:31.384709574 -0500 CDT m=+2.979807284" connectionDb=hq connectionID=255 error="nothing to commit" queryTime="2026-04-20 21:06:31.39159958 -0500 CDT m=+2.986697290"
time="2026-04-20T21:06:31-05:00" level=warning msg="error running query" connectTime="2026-04-20 21:06:31.440665137 -0500 CDT m=+3.035762857" connectionDb=hq connectionID=261 error="nothing to commit" queryTime="2026-04-20 21:06:31.448760616 -0500 CDT m=+3.043858326"
time="2026-04-20T21:06:31-05:00" level=warning msg="error running query" connectTime="2026-04-20 21:06:31.451545848 -0500 CDT m=+3.046643568" connectionDb=hq connectionID=264 error="nothing to commit" queryTime="2026-04-20 21:06:31.458715472 -0500 CDT m=+3.053813182"
time="2026-04-20T21:06:31-05:00" level=warning msg="error running query" connectTime="2026-04-20 21:06:31.455084265 -0500 CDT m=+3.050181985" connectionDb=hq connectionID=267 error="nothing to commit" queryTime="2026-04-20 21:06:31.469097226 -0500 CDT m=+3.064194946"
time="2026-04-20T21:06:31-05:00" level=warning msg="error running query" connectTime="2026-04-20 21:06:31.578779567 -0500 CDT m=+3.173877287" connectionDb=hq connectionID=276 error="nothing to commit" queryTime="2026-04-20 21:06:31.586655567 -0500 CDT m=+3.181753287"
time="2026-04-20T21:06:31-05:00" level=warning msg="error running query" connectTime="2026-04-20 21:06:31.6379735 -0500 CDT m=+3.233071220" connectionDb=hq connectionID=279 error="nothing to commit" queryTime="2026-04-20 21:06:31.645513162 -0500 CDT m=+3.240610892"
time="2026-04-20T21:06:31-05:00" level=warning msg="error running query" connectTime="2026-04-20 21:06:31.697396762 -0500 CDT m=+3.292494482" connectionDb=hq connectionID=285 error="nothing to commit" queryTime="2026-04-20 21:06:31.704540056 -0500 CDT m=+3.299637776"
time="2026-04-20T21:06:31-05:00" level=warning msg="error running query" connectTime="2026-04-20 21:06:31.780763901 -0500 CDT m=+3.375861621" connectionDb=hq connectionID=297 error="nothing to commit" queryTime="2026-04-20 21:06:31.788329742 -0500 CDT m=+3.383427462"
time="2026-04-20T21:06:31-05:00" level=warning msg="error running query" connectTime="2026-04-20 21:06:31.84367653 -0500 CDT m=+3.438774250" connectionDb=hq connectionID=303 error="nothing to commit" queryTime="2026-04-20 21:06:31.852579243 -0500 CDT m=+3.447676953"
time="2026-04-20T21:06:31-05:00" level=warning msg="error running query" connectTime="2026-04-20 21:06:31.923253743 -0500 CDT m=+3.518351453" connectionDb=hq connectionID=315 error="nothing to commit" queryTime="2026-04-20 21:06:31.933301879 -0500 CDT m=+3.528399599"
time="2026-04-20T21:06:32-05:00" level=warning msg="error running query" connectTime="2026-04-20 21:06:32.029112238 -0500 CDT m=+3.624209958" connectionDb=hq connectionID=327 error="nothing to commit" queryTime="2026-04-20 21:06:32.037747323 -0500 CDT m=+3.632845043"
time="2026-04-20T21:06:32-05:00" level=warning msg="error running query" connectTime="2026-04-20 21:06:32.124291042 -0500 CDT m=+3.719388762" connectionDb=hq connectionID=336 error="nothing to commit" queryTime="2026-04-20 21:06:32.134217229 -0500 CDT m=+3.729314959"
time="2026-04-20T21:06:32-05:00" level=warning msg="error running query" connectTime="2026-04-20 21:06:32.197668894 -0500 CDT m=+3.792766614" connectionDb=hq connectionID=345 error="nothing to commit" queryTime="2026-04-20 21:06:32.20929164 -0500 CDT m=+3.804389370"
time="2026-04-20T21:06:32-05:00" level=warning msg="error running query" connectTime="2026-04-20 21:06:32.321579655 -0500 CDT m=+3.916677365" connectionDb=hq connectionID=351 error="nothing to commit" queryTime="2026-04-20 21:06:32.329578284 -0500 CDT m=+3.924676024"
time="2026-04-20T21:06:32-05:00" level=warning msg="error running query" connectTime="2026-04-20 21:06:32.397312043 -0500 CDT m=+3.992409753" connectionDb=hq connectionID=361 error="nothing to commit" queryTime="2026-04-20 21:06:32.407336509 -0500 CDT m=+4.002434229"
time="2026-04-20T21:06:32-05:00" level=warning msg="error running query" connectTime="2026-04-20 21:06:32.468978216 -0500 CDT m=+4.064076026" connectionDb=hq connectionID=366 error="nothing to commit" queryTime="2026-04-20 21:06:32.476494348 -0500 CDT m=+4.071592068"
time="2026-04-20T21:06:32-05:00" level=warning msg="error running query" connectTime="2026-04-20 21:06:32.552837172 -0500 CDT m=+4.147934892" connectionDb=hq connectionID=378 error="nothing to commit" queryTime="2026-04-20 21:06:32.560464763 -0500 CDT m=+4.155562473"
time="2026-04-20T21:06:32-05:00" level=warning msg="error running query" connectTime="2026-04-20 21:06:32.618151546 -0500 CDT m=+4.213249266" connectionDb=hq connectionID=390 error="nothing to commit" queryTime="2026-04-20 21:06:32.624145088 -0500 CDT m=+4.219242808"
time="2026-04-20T21:06:32-05:00" level=warning msg="error running query" connectTime="2026-04-20 21:06:32.647819277 -0500 CDT m=+4.242916987" connectionDb=hq connectionID=393 error="nothing to commit" queryTime="2026-04-20 21:06:32.654110997 -0500 CDT m=+4.249208707"
time="2026-04-20T21:06:32-05:00" level=warning msg="error running query" connectTime="2026-04-20 21:06:32.686146663 -0500 CDT m=+4.281244383" connectionDb=hq connectionID=399 error="nothing to commit" queryTime="2026-04-20 21:06:32.691861566 -0500 CDT m=+4.286959286"
time="2026-04-20T21:06:32-05:00" level=warning msg="error running query" connectTime="2026-04-20 21:06:32.740719435 -0500 CDT m=+4.335817155" connectionDb=hq connectionID=402 error="nothing to commit" queryTime="2026-04-20 21:06:32.749850927 -0500 CDT m=+4.344948657"
time="2026-04-20T21:06:32-05:00" level=warning msg="error running query" connectTime="2026-04-20 21:06:32.814292116 -0500 CDT m=+4.409389836" connectionDb=hq connectionID=411 error="nothing to commit" queryTime="2026-04-20 21:06:32.823822096 -0500 CDT m=+4.418919816"
time="2026-04-20T21:06:32-05:00" level=warning msg="error running query" connectTime="2026-04-20 21:06:32.827579102 -0500 CDT m=+4.422676812" connectionDb=hq connectionID=415 error="nothing to commit" queryTime="2026-04-20 21:06:32.833285045 -0500 CDT m=+4.428382765"
time="2026-04-20T21:06:32-05:00" level=warning msg="error running query" connectTime="2026-04-20 21:06:32.828445786 -0500 CDT m=+4.423543506" connectionDb=hq connectionID=417 error="nothing to commit" queryTime="2026-04-20 21:06:32.839686975 -0500 CDT m=+4.434784695"
time="2026-04-20T21:06:32-05:00" level=warning msg="error running query" connectTime="2026-04-20 21:06:32.9251987 -0500 CDT m=+4.520296410" connectionDb=hq connectionID=423 error="nothing to commit" queryTime="2026-04-20 21:06:32.932890891 -0500 CDT m=+4.527988621"
time="2026-04-20T21:06:33-05:00" level=warning msg="error running query" connectTime="2026-04-20 21:06:33.02730285 -0500 CDT m=+4.622400570" connectionDb=hq connectionID=432 error="nothing to commit" queryTime="2026-04-20 21:06:33.037216376 -0500 CDT m=+4.632314096"
time="2026-04-20T21:06:33-05:00" level=warning msg="error running query" connectTime="2026-04-20 21:06:33.048726063 -0500 CDT m=+4.643823773" connectionDb=hq connectionID=435 error="nothing to commit" queryTime="2026-04-20 21:06:33.058288002 -0500 CDT m=+4.653385722"
time="2026-04-20T21:06:33-05:00" level=warning msg="error running query" connectTime="2026-04-20 21:06:33.058269442 -0500 CDT m=+4.653367152" connectionDb=hq connectionID=438 error="nothing to commit" queryTime="2026-04-20 21:06:33.069061733 -0500 CDT m=+4.664159453"
time="2026-04-20T21:06:33-05:00" level=warning msg="error running query" connectTime="2026-04-20 21:06:33.161987982 -0500 CDT m=+4.757085712" connectionDb=hq connectionID=444 error="nothing to commit" queryTime="2026-04-20 21:06:33.173313889 -0500 CDT m=+4.768411599"
time="2026-04-20T21:06:33-05:00" level=warning msg="error running query" connectTime="2026-04-20 21:06:33.266161488 -0500 CDT m=+4.861259208" connectionDb=hq connectionID=456 error="nothing to commit" queryTime="2026-04-20 21:06:33.274304116 -0500 CDT m=+4.869401846"
time="2026-04-20T21:06:33-05:00" level=warning msg="error running query" connectTime="2026-04-20 21:06:33.294755096 -0500 CDT m=+4.889852816" connectionDb=hq connectionID=459 error="nothing to commit" queryTime="2026-04-20 21:06:33.300921507 -0500 CDT m=+4.896019227"
time="2026-04-20T21:06:33-05:00" level=warning msg="error running query" connectTime="2026-04-20 21:06:33.302601476 -0500 CDT m=+4.897699196" connectionDb=hq connectionID=462 error="nothing to commit" queryTime="2026-04-20 21:06:33.309015145 -0500 CDT m=+4.904112865"
time="2026-04-20T21:06:33-05:00" level=warning msg="error running query" connectTime="2026-04-20 21:06:33.390600795 -0500 CDT m=+4.985698515" connectionDb=hq connectionID=468 error="nothing to commit" queryTime="2026-04-20 21:06:33.398302016 -0500 CDT m=+4.993399736"
time="2026-04-20T21:06:33-05:00" level=warning msg="error running query" connectTime="2026-04-20 21:06:33.468926077 -0500 CDT m=+5.064023797" connectionDb=hq connectionID=474 error="nothing to commit" queryTime="2026-04-20 21:06:33.476511058 -0500 CDT m=+5.071608778"
time="2026-04-20T21:06:33-05:00" level=warning msg="error running query" connectTime="2026-04-20 21:06:33.571312194 -0500 CDT m=+5.166409904" connectionDb=hq connectionID=483 error="nothing to commit" queryTime="2026-04-20 21:06:33.579698661 -0500 CDT m=+5.174796371"
time="2026-04-20T21:06:33-05:00" level=warning msg="error running query" connectTime="2026-04-20 21:06:33.623087975 -0500 CDT m=+5.218185695" connectionDb=hq connectionID=489 error="nothing to commit" queryTime="2026-04-20 21:06:33.631851149 -0500 CDT m=+5.226948879"
time="2026-04-20T21:06:33-05:00" level=warning msg="error running query" connectTime="2026-04-20 21:06:33.73995653 -0500 CDT m=+5.335054250" connectionDb=hq connectionID=501 error="nothing to commit" queryTime="2026-04-20 21:06:33.749957846 -0500 CDT m=+5.345055566"
time="2026-04-20T21:06:33-05:00" level=warning msg="error running query" connectTime="2026-04-20 21:06:33.799407542 -0500 CDT m=+5.394505262" connectionDb=hq connectionID=507 error="nothing to commit" queryTime="2026-04-20 21:06:33.809548577 -0500 CDT m=+5.404646297"
time="2026-04-20T21:06:33-05:00" level=warning msg="error running query" connectTime="2026-04-20 21:06:33.882185674 -0500 CDT m=+5.477283394" connectionDb=hq connectionID=519 error="nothing to commit" queryTime="2026-04-20 21:06:33.891562274 -0500 CDT m=+5.486659994"
time="2026-04-20T21:06:34-05:00" level=warning msg="error running query" connectTime="2026-04-20 21:06:33.993167747 -0500 CDT m=+5.588265467" connectionDb=hq connectionID=531 error="nothing to commit" queryTime="2026-04-20 21:06:34.000305342 -0500 CDT m=+5.595403062"
time="2026-04-20T21:06:34-05:00" level=warning msg="error running query" connectTime="2026-04-20 21:06:34.024294999 -0500 CDT m=+5.619392719" connectionDb=hq connectionID=536 error="nothing to commit" queryTime="2026-04-20 21:06:34.03357995 -0500 CDT m=+5.628677680"
time="2026-04-20T21:06:34-05:00" level=warning msg="error running query" connectTime="2026-04-20 21:06:34.099326941 -0500 CDT m=+5.694424651" connectionDb=hq connectionID=543 error="nothing to commit" queryTime="2026-04-20 21:06:34.105361853 -0500 CDT m=+5.700459573"
time="2026-04-20T21:06:34-05:00" level=warning msg="error running query" connectTime="2026-04-20 21:06:34.22984146 -0500 CDT m=+5.824939180" connectionDb=hq connectionID=552 error="nothing to commit" queryTime="2026-04-20 21:06:34.2360732 -0500 CDT m=+5.831170920"
time="2026-04-20T21:06:34-05:00" level=warning msg="error running query" connectTime="2026-04-20 21:06:34.265359574 -0500 CDT m=+5.860457284" connectionDb=hq connectionID=559 error="nothing to commit" queryTime="2026-04-20 21:06:34.271524514 -0500 CDT m=+5.866622244"
time="2026-04-20T21:06:34-05:00" level=warning msg="error running query" connectTime="2026-04-20 21:06:34.310778595 -0500 CDT m=+5.905876315" connectionDb=hq connectionID=566 error="nothing to commit" queryTime="2026-04-20 21:06:34.317692831 -0500 CDT m=+5.912790551"
time="2026-04-20T21:06:34-05:00" level=warning msg="error running query" connectTime="2026-04-20 21:06:34.413964437 -0500 CDT m=+6.009062147" connectionDb=hq connectionID=579 error="nothing to commit" queryTime="2026-04-20 21:06:34.420691225 -0500 CDT m=+6.015788935"
time="2026-04-20T21:06:34-05:00" level=warning msg="error running query" connectTime="2026-04-20 21:06:34.430309013 -0500 CDT m=+6.025406733" connectionDb=hq connectionID=585 error="nothing to commit" queryTime="2026-04-20 21:06:34.436088356 -0500 CDT m=+6.031186076"
time="2026-04-20T21:06:34-05:00" level=warning msg="error running query" connectTime="2026-04-20 21:06:34.448444778 -0500 CDT m=+6.043542498" connectionDb=hq connectionID=588 error="nothing to commit" queryTime="2026-04-20 21:06:34.456162569 -0500 CDT m=+6.051260279"
time="2026-04-20T21:06:34-05:00" level=warning msg="error running query" connectTime="2026-04-20 21:06:34.482079894 -0500 CDT m=+6.077177604" connectionDb=hq connectionID=591 error="nothing to commit" queryTime="2026-04-20 21:06:34.490205052 -0500 CDT m=+6.085302772"
time="2026-04-20T21:06:34-05:00" level=warning msg="error running query" connectTime="2026-04-20 21:06:34.608627938 -0500 CDT m=+6.203725658" connectionDb=hq connectionID=600 error="nothing to commit" queryTime="2026-04-20 21:06:34.618355216 -0500 CDT m=+6.213452936"
time="2026-04-20T21:06:34-05:00" level=warning msg="error running query" connectTime="2026-04-20 21:06:34.622801297 -0500 CDT m=+6.217899257" connectionDb=hq connectionID=606 error="nothing to commit" queryTime="2026-04-20 21:06:34.630059681 -0500 CDT m=+6.225157401"
time="2026-04-20T21:06:34-05:00" level=warning msg="error running query" connectTime="2026-04-20 21:06:34.636207302 -0500 CDT m=+6.231305022" connectionDb=hq connectionID=609 error="nothing to commit" queryTime="2026-04-20 21:06:34.642338513 -0500 CDT m=+6.237436233"
time="2026-04-20T21:06:34-05:00" level=warning msg="error running query" connectTime="2026-04-20 21:06:34.724360621 -0500 CDT m=+6.319458341" connectionDb=hq connectionID=615 error="nothing to commit" queryTime="2026-04-20 21:06:34.732116911 -0500 CDT m=+6.327214641"
time="2026-04-20T21:06:34-05:00" level=warning msg="error running query" connectTime="2026-04-20 21:06:34.812978486 -0500 CDT m=+6.408076196" connectionDb=hq connectionID=624 error="nothing to commit" queryTime="2026-04-20 21:06:34.82329662 -0500 CDT m=+6.418394350"
time="2026-04-20T21:06:34-05:00" level=warning msg="error running query" connectTime="2026-04-20 21:06:34.812765107 -0500 CDT m=+6.407862827" connectionDb=hq connectionID=623 error="nothing to commit" queryTime="2026-04-20 21:06:34.828668976 -0500 CDT m=+6.423766686"
time="2026-04-20T21:06:34-05:00" level=warning msg="error running query" connectTime="2026-04-20 21:06:34.90809097 -0500 CDT m=+6.503188680" connectionDb=hq connectionID=633 error="nothing to commit" queryTime="2026-04-20 21:06:34.915764011 -0500 CDT m=+6.510861731"
time="2026-04-20T21:06:34-05:00" level=warning msg="error running query" connectTime="2026-04-20 21:06:34.949769545 -0500 CDT m=+6.544867265" connectionDb=hq connectionID=636 error="nothing to commit" queryTime="2026-04-20 21:06:34.959410733 -0500 CDT m=+6.554508453"
time="2026-04-20T21:06:35-05:00" level=warning msg="error running query" connectTime="2026-04-20 21:06:35.027597299 -0500 CDT m=+6.622695019" connectionDb=hq connectionID=642 error="nothing to commit" queryTime="2026-04-20 21:06:35.039282875 -0500 CDT m=+6.634380595"
time="2026-04-20T21:06:35-05:00" level=warning msg="error running query" connectTime="2026-04-20 21:06:35.042296646 -0500 CDT m=+6.637394356" connectionDb=hq connectionID=645 error="nothing to commit" queryTime="2026-04-20 21:06:35.050140316 -0500 CDT m=+6.645238036"
time="2026-04-20T21:06:35-05:00" level=warning msg="error running query" connectTime="2026-04-20 21:06:35.115911857 -0500 CDT m=+6.711009577" connectionDb=hq connectionID=654 error="nothing to commit" queryTime="2026-04-20 21:06:35.1233253 -0500 CDT m=+6.718423030"
time="2026-04-20T21:06:35-05:00" level=warning msg="error running query" connectTime="2026-04-20 21:06:35.178452009 -0500 CDT m=+6.773549749" connectionDb=hq connectionID=657 error="nothing to commit" queryTime="2026-04-20 21:06:35.189092891 -0500 CDT m=+6.784190611"
time="2026-04-20T21:06:35-05:00" level=warning msg="error running query" connectTime="2026-04-20 21:06:35.276192636 -0500 CDT m=+6.871290356" connectionDb=hq connectionID=663 error="nothing to commit" queryTime="2026-04-20 21:06:35.28185358 -0500 CDT m=+6.876951290"
time="2026-04-20T21:06:35-05:00" level=warning msg="error running query" connectTime="2026-04-20 21:06:35.419315395 -0500 CDT m=+7.014413115" connectionDb=hq connectionID=675 error="nothing to commit" queryTime="2026-04-20 21:06:35.42478105 -0500 CDT m=+7.019878760"
time="2026-04-20T21:06:35-05:00" level=warning msg="error running query" connectTime="2026-04-20 21:06:35.429139522 -0500 CDT m=+7.024237232" connectionDb=hq connectionID=681 error="nothing to commit" queryTime="2026-04-20 21:06:35.437453849 -0500 CDT m=+7.032551559"
time="2026-04-20T21:06:35-05:00" level=warning msg="error running query" connectTime="2026-04-20 21:06:35.474602533 -0500 CDT m=+7.069700253" connectionDb=hq connectionID=687 error="nothing to commit" queryTime="2026-04-20 21:06:35.48130845 -0500 CDT m=+7.076406170"
time="2026-04-20T21:06:35-05:00" level=warning msg="error running query" connectTime="2026-04-20 21:06:35.60685379 -0500 CDT m=+7.201951500" connectionDb=hq connectionID=705 error="nothing to commit" queryTime="2026-04-20 21:06:35.613893846 -0500 CDT m=+7.208991556"
time="2026-04-20T21:06:35-05:00" level=warning msg="error running query" connectTime="2026-04-20 21:06:35.633218493 -0500 CDT m=+7.228316203" connectionDb=hq connectionID=709 error="nothing to commit" queryTime="2026-04-20 21:06:35.640519896 -0500 CDT m=+7.235617616"
time="2026-04-20T21:06:35-05:00" level=warning msg="error running query" connectTime="2026-04-20 21:06:35.698483737 -0500 CDT m=+7.293581457" connectionDb=hq connectionID=717 error="nothing to commit" queryTime="2026-04-20 21:06:35.707183681 -0500 CDT m=+7.302281411"
time="2026-04-20T21:06:35-05:00" level=warning msg="error running query" connectTime="2026-04-20 21:06:35.808020259 -0500 CDT m=+7.403117969" connectionDb=hq connectionID=729 error="nothing to commit" queryTime="2026-04-20 21:06:35.816271337 -0500 CDT m=+7.411369047"
time="2026-04-20T21:06:35-05:00" level=warning msg="error running query" connectTime="2026-04-20 21:06:35.835025927 -0500 CDT m=+7.430123707" connectionDb=hq connectionID=735 error="nothing to commit" queryTime="2026-04-20 21:06:35.840484923 -0500 CDT m=+7.435582633"
time="2026-04-20T21:06:35-05:00" level=warning msg="error running query" connectTime="2026-04-20 21:06:35.876339294 -0500 CDT m=+7.471437004" connectionDb=hq connectionID=738 error="nothing to commit" queryTime="2026-04-20 21:06:35.883131011 -0500 CDT m=+7.478228721"
time="2026-04-20T21:06:35-05:00" level=warning msg="error running query" connectTime="2026-04-20 21:06:35.989696652 -0500 CDT m=+7.584794372" connectionDb=hq connectionID=750 error="nothing to commit" queryTime="2026-04-20 21:06:35.995452606 -0500 CDT m=+7.590550326"
time="2026-04-20T21:06:36-05:00" level=warning msg="error running query" connectTime="2026-04-20 21:06:36.011964441 -0500 CDT m=+7.607062161" connectionDb=hq connectionID=757 error="nothing to commit" queryTime="2026-04-20 21:06:36.016620441 -0500 CDT m=+7.611718161"
time="2026-04-20T21:06:36-05:00" level=warning msg="error running query" connectTime="2026-04-20 21:06:36.05440727 -0500 CDT m=+7.649504980" connectionDb=hq connectionID=762 error="nothing to commit" queryTime="2026-04-20 21:06:36.060538501 -0500 CDT m=+7.655636221"
time="2026-04-20T21:06:36-05:00" level=warning msg="error running query" connectTime="2026-04-20 21:06:36.148128574 -0500 CDT m=+7.743226294" connectionDb=hq connectionID=775 error="nothing to commit" queryTime="2026-04-20 21:06:36.153864017 -0500 CDT m=+7.748961727"
time="2026-04-20T21:06:36-05:00" level=warning msg="error running query" connectTime="2026-04-20 21:06:36.170346692 -0500 CDT m=+7.765444402" connectionDb=hq connectionID=778 error="nothing to commit" queryTime="2026-04-20 21:06:36.177965784 -0500 CDT m=+7.773063504"
time="2026-04-20T21:06:36-05:00" level=warning msg="error running query" connectTime="2026-04-20 21:06:36.195645361 -0500 CDT m=+7.790743071" connectionDb=hq connectionID=784 error="nothing to commit" queryTime="2026-04-20 21:06:36.20205336 -0500 CDT m=+7.797151080"
time="2026-04-20T21:06:36-05:00" level=warning msg="error running query" connectTime="2026-04-20 21:06:36.242484443 -0500 CDT m=+7.837582163" connectionDb=hq connectionID=787 error="nothing to commit" queryTime="2026-04-20 21:06:36.250079224 -0500 CDT m=+7.845176944"
time="2026-04-20T21:06:36-05:00" level=warning msg="error running query" connectTime="2026-04-20 21:06:36.287233058 -0500 CDT m=+7.882330768" connectionDb=hq connectionID=790 error="nothing to commit" queryTime="2026-04-20 21:06:36.296722907 -0500 CDT m=+7.891820627"
time="2026-04-20T21:06:36-05:00" level=warning msg="error running query" connectTime="2026-04-20 21:06:36.370951235 -0500 CDT m=+7.966048945" connectionDb=hq connectionID=799 error="nothing to commit" queryTime="2026-04-20 21:06:36.377239525 -0500 CDT m=+7.972337245"
time="2026-04-20T21:06:36-05:00" level=warning msg="error running query" connectTime="2026-04-20 21:06:36.405444445 -0500 CDT m=+8.000542165" connectionDb=hq connectionID=805 error="nothing to commit" queryTime="2026-04-20 21:06:36.412765308 -0500 CDT m=+8.007863028"
time="2026-04-20T21:06:36-05:00" level=warning msg="error running query" connectTime="2026-04-20 21:06:36.452128098 -0500 CDT m=+8.047225818" connectionDb=hq connectionID=808 error="nothing to commit" queryTime="2026-04-20 21:06:36.46128169 -0500 CDT m=+8.056379410"
time="2026-04-20T21:06:36-05:00" level=warning msg="error running query" connectTime="2026-04-20 21:06:36.454146645 -0500 CDT m=+8.049244355" connectionDb=hq connectionID=811 error="nothing to commit" queryTime="2026-04-20 21:06:36.465713631 -0500 CDT m=+8.060811341"
time="2026-04-20T21:06:36-05:00" level=warning msg="error running query" connectTime="2026-04-20 21:06:36.562845063 -0500 CDT m=+8.157942783" connectionDb=hq connectionID=820 error="nothing to commit" queryTime="2026-04-20 21:06:36.571849315 -0500 CDT m=+8.166947035"
time="2026-04-20T21:06:36-05:00" level=warning msg="error running query" connectTime="2026-04-20 21:06:36.596465969 -0500 CDT m=+8.191563679" connectionDb=hq connectionID=823 error="nothing to commit" queryTime="2026-04-20 21:06:36.606304096 -0500 CDT m=+8.201401826"
time="2026-04-20T21:06:36-05:00" level=warning msg="error running query" connectTime="2026-04-20 21:06:36.601157799 -0500 CDT m=+8.196255519" connectionDb=hq connectionID=826 error="nothing to commit" queryTime="2026-04-20 21:06:36.611452103 -0500 CDT m=+8.206549823"
time="2026-04-20T21:06:36-05:00" level=warning msg="error running query" connectTime="2026-04-20 21:06:36.708258417 -0500 CDT m=+8.303356137" connectionDb=hq connectionID=832 error="nothing to commit" queryTime="2026-04-20 21:06:36.716513844 -0500 CDT m=+8.311611564"
time="2026-04-20T21:06:36-05:00" level=warning msg="error running query" connectTime="2026-04-20 21:06:36.788611385 -0500 CDT m=+8.383709105" connectionDb=hq connectionID=838 error="nothing to commit" queryTime="2026-04-20 21:06:36.797583038 -0500 CDT m=+8.392680748"
time="2026-04-20T21:06:36-05:00" level=warning msg="error running query" connectTime="2026-04-20 21:06:36.849789776 -0500 CDT m=+8.444887486" connectionDb=hq connectionID=844 error="nothing to commit" queryTime="2026-04-20 21:06:36.858175912 -0500 CDT m=+8.453273652"
time="2026-04-20T21:06:36-05:00" level=warning msg="error running query" connectTime="2026-04-20 21:06:36.931315187 -0500 CDT m=+8.526412907" connectionDb=hq connectionID=853 error="nothing to commit" queryTime="2026-04-20 21:06:36.940341069 -0500 CDT m=+8.535438789"
time="2026-04-20T21:06:37-05:00" level=warning msg="error running query" connectTime="2026-04-20 21:06:36.997110458 -0500 CDT m=+8.592208178" connectionDb=hq connectionID=865 error="nothing to commit" queryTime="2026-04-20 21:06:37.003322418 -0500 CDT m=+8.598420128"
time="2026-04-20T21:06:37-05:00" level=warning msg="error running query" connectTime="2026-04-20 21:06:37.046198675 -0500 CDT m=+8.641296395" connectionDb=hq connectionID=871 error="nothing to commit" queryTime="2026-04-20 21:06:37.055927103 -0500 CDT m=+8.651024813"
time="2026-04-20T21:06:37-05:00" level=warning msg="error running query" connectTime="2026-04-20 21:06:37.146394547 -0500 CDT m=+8.741492277" connectionDb=hq connectionID=886 error="nothing to commit" queryTime="2026-04-20 21:06:37.153305973 -0500 CDT m=+8.748403683"
time="2026-04-20T21:06:37-05:00" level=warning msg="error running query" connectTime="2026-04-20 21:06:37.190086679 -0500 CDT m=+8.785184389" connectionDb=hq connectionID=895 error="nothing to commit" queryTime="2026-04-20 21:06:37.196955975 -0500 CDT m=+8.792053695"
time="2026-04-20T21:06:37-05:00" level=warning msg="error running query" connectTime="2026-04-20 21:06:37.235054753 -0500 CDT m=+8.830152463" connectionDb=hq connectionID=900 error="nothing to commit" queryTime="2026-04-20 21:06:37.242039308 -0500 CDT m=+8.837137018"
time="2026-04-20T21:06:37-05:00" level=warning msg="error running query" connectTime="2026-04-20 21:06:37.334933017 -0500 CDT m=+8.930030737" connectionDb=hq connectionID=910 error="nothing to commit" queryTime="2026-04-20 21:06:37.341163337 -0500 CDT m=+8.936261057"
time="2026-04-20T21:06:37-05:00" level=warning msg="error running query" connectTime="2026-04-20 21:06:37.368437414 -0500 CDT m=+8.963535134" connectionDb=hq connectionID=916 error="nothing to commit" queryTime="2026-04-20 21:06:37.374964602 -0500 CDT m=+8.970062322"
time="2026-04-20T21:06:37-05:00" level=warning msg="error running query" connectTime="2026-04-20 21:06:37.399824424 -0500 CDT m=+8.994922144" connectionDb=hq connectionID=919 error="nothing to commit" queryTime="2026-04-20 21:06:37.406586641 -0500 CDT m=+9.001684361"
